City_ID,City,Country,Date,Lat,Lng,Max Temp,Humidity,Cloudiness,Wind Speed
0,Mogok,MM,2021-01-28 20:11:59,22.9167,96.5,55.54,70,0,1.9
1,Ribeira Grande,PT,2021-01-28 20:02:12,38.5167,-28.7,64.4,88,75,28.77
2,Bluff,NZ,2021-01-28 20:01:11,-46.6,168.3333,48.0,80,99,8.01
3,Ushuaia,AR,2021-01-28 19:59:36,-54.8,-68.3,44.6,81,75,23.02
4,Pisco,PE,2021-01-28 20:02:05,-13.7,-76.2167,78.01,73,0,9.22
5,Tura,IN,2021-01-28 20:12:00,25.5198,90.2201,58.48,59,0,3.11
6,Rikitea,PF,2021-01-28 20:02:13,-23.1203,-134.9692,79.3,69,91,3.94
7,Champerico,GT,2021-01-28 20:12:00,14.3,-91.9167,93.2,46,40,6.91
8,New Norfolk,AU,2021-01-28 20:02:12,-42.7826,147.0587,57.99,58,93,1.99
9,Cotonou,BJ,2021-01-28 20:12:00,6.3654,2.4183,84.2,79,20,11.5
10,Boyolangu,ID,2021-01-28 20:12:00,-8.1181,111.8935,74.82,89,100,8.48
11,Chuy,UY,2021-01-28 20:02:30,-33.6971,-53.4616,77.88,53,81,12.26
12,Lakatoro,VU,2021-01-28 20:12:01,-16.0999,167.4164,79.75,80,100,2.57
13,Aklavik,CA,2021-01-28 20:02:11,68.2191,-135.0107,-22.0,76,75,5.75
14,Roseburg,US,2021-01-28 20:10:18,43.2165,-123.3417,43.0,81,90,3.44
15,Ossora,RU,2021-01-28 20:12:01,59.2353,163.0719,1.35,85,100,4.14
16,Vaini,TO,2021-01-28 20:12:01,-21.2,-175.2,78.8,94,90,18.41
17,Kapaa,US,2021-01-28 20:12:02,22.0752,-159.319,75.2,78,75,17.27
18,Port Macquarie,AU,2021-01-28 20:03:46,-31.4333,152.9167,69.8,100,90,6.91
19,Albany,US,2021-01-28 20:00:17,42.6001,-73.9662,24.01,49,36,3.0
20,Faanui,PF,2021-01-28 20:02:15,-16.4833,-151.75,81.43,68,84,8.79
21,Port Elizabeth,ZA,2021-01-28 19:57:52,-33.918,25.5701,62.6,82,0,4.61
22,Mogadishu,SO,2021-01-28 19:58:56,2.0371,45.3438,77.31,79,0,23.24
23,Ancud,CL,2021-01-28 20:02:38,-41.8697,-73.8203,66.0,82,75,5.75
24,Alamos,MX,2021-01-28 20:12:03,27.0167,-108.9333,70.0,59,100,6.98
25,Launceston,AU,2021-01-28 20:12:03,-41.45,147.1667,51.8,71,90,8.05
26,Airai,TL,2021-01-28 20:02:37,-8.9266,125.4092,61.81,100,100,4.47
27,Tucumcari,US,2021-01-28 20:12:03,35.1717,-103.725,51.8,22,1,14.97
28,Ust-Nera,RU,2021-01-28 20:12:03,64.5667,143.2,-30.32,75,88,1.32
29,Urengoy,RU,2021-01-28 20:12:04,65.9667,78.3667,-31.77,83,100,11.52
30,Erzin,TR,2021-01-28 20:12:04,36.9559,36.2,55.0,63,100,6.96
31,Kodiak,US,2021-01-28 20:02:56,57.79,-152.4072,35.6,80,90,13.8
32,Sinop,TR,2021-01-28 20:12:04,41.7711,34.8709,31.1,96,100,1.52
33,Busselton,AU,2021-01-28 20:02:20,-33.65,115.3333,63.0,77,0,13.11
34,Flin Flon,CA,2021-01-28 20:03:31,54.7682,-101.865,1.4,78,90,11.5
35,Marrakesh,MA,2021-01-28 20:12:04,31.6315,-8.0083,68.0,37,0,5.75
36,Albox,ES,2021-01-28 20:12:05,37.3886,-2.1495,64.99,40,97,5.99
37,Yellowknife,CA,2021-01-28 20:00:03,62.456,-114.3525,-23.8,76,75,5.75
38,Verkhnyaya Inta,RU,2021-01-28 20:12:05,65.9811,60.3094,-26.64,86,81,4.56
39,Mataura,NZ,2021-01-28 20:08:12,-46.1927,168.8643,48.0,80,87,8.01
40,Punta Arenas,CL,2021-01-28 20:07:58,-53.15,-70.9167,48.2,57,75,23.02
41,Sao Filipe,CV,2021-01-28 20:02:10,14.8961,-24.4956,75.58,66,0,4.32
42,Katima Mulilo,NA,2021-01-28 20:12:06,-17.5,24.2667,70.59,92,100,3.44
43,Abu Kamal,SY,2021-01-28 20:12:06,34.4506,40.9171,52.54,64,32,0.43
44,Georgetown,MY,2021-01-28 20:07:24,5.4112,100.3354,78.8,94,20,6.33
45,Eirunepe,BR,2021-01-28 20:03:06,-6.6603,-69.8736,82.62,87,100,1.05
46,Makinsk,KZ,2021-01-28 20:11:19,52.6292,70.4169,17.64,94,100,13.33
47,Galesong,ID,2021-01-28 20:02:16,-5.3166,119.3661,75.2,100,40,2.3
48,Chake Chake,TZ,2021-01-28 20:12:06,-5.2459,39.7666,79.75,79,0,14.45
49,Pauini,BR,2021-01-28 20:12:06,-7.7136,-66.9764,85.17,67,82,3.27
50,Ostrovnoy,RU,2021-01-28 19:59:32,68.0531,39.5131,-2.07,90,92,12.62
51,Cabo San Lucas,MX,2021-01-28 19:57:27,22.8909,-109.9124,78.8,24,40,9.22
52,Matveyev Kurgan,RU,2021-01-28 20:12:07,47.5645,38.8695,34.81,88,90,10.94
53,Muros,ES,2021-01-28 20:02:38,42.7762,-9.0603,57.99,93,100,17.52
54,Mount Gambier,AU,2021-01-28 20:01:03,-37.8333,140.7667,64.4,100,90,4.27
55,La Ferte-Bernard,FR,2021-01-28 20:12:07,48.1863,0.6536,54.0,100,90,9.22
56,Palmer,US,2021-01-28 20:02:36,42.1584,-72.3287,30.99,50,20,18.41
57,Diffa,NE,2021-01-28 20:12:08,13.3154,12.6113,71.64,21,93,10.4
58,Puerto Del Rosario,ES,2021-01-28 20:02:38,28.5004,-13.8627,68.0,83,0,4.61
59,Cape Town,ZA,2021-01-28 20:02:10,-33.9258,18.4232,68.0,63,0,9.22
60,Crevedia,RO,2021-01-28 20:12:08,44.6,25.9333,28.99,100,2,3.44
61,Hermanus,ZA,2021-01-28 20:12:08,-34.4187,19.2345,60.01,84,4,6.35
62,Nosy Varika,MG,2021-01-28 20:12:08,-20.5833,48.5333,78.62,82,0,3.4
63,Dawson Creek,CA,2021-01-28 20:00:40,55.7666,-120.2362,-5.8,65,1,2.3
64,Carnarvon,AU,2021-01-28 19:58:32,-24.8667,113.6333,73.4,83,0,14.97
65,Nemuro,JP,2021-01-28 20:02:46,43.3236,145.575,27.77,93,100,21.47
66,Fare,PF,2021-01-28 20:12:09,-16.7,-151.0167,81.03,68,95,8.34
67,Pangnirtung,CA,2021-01-28 20:03:38,66.1451,-65.7125,-4.0,71,1,3.44
68,Takaka,NZ,2021-01-28 20:12:09,-40.85,172.8,59.0,72,28,1.99
69,Victoria,HK,2021-01-28 20:02:12,22.2855,114.1577,61.0,55,6,1.99
70,Hobart,AU,2021-01-28 20:12:09,-42.8794,147.3294,59.0,55,75,11.5
71,Lasa,IT,2021-01-28 19:59:24,46.6166,10.7002,32.0,55,90,4.61
72,Simao,CN,2021-01-28 20:12:10,22.7886,100.9748,51.35,89,0,2.24
73,San Patricio,US,2021-01-28 20:02:49,28.017,-97.5169,62.6,51,75,10.36
74,Conceicao Das Alagoas,BR,2021-01-28 20:12:10,-19.9147,-48.3883,83.5,62,100,4.61
75,Macae,BR,2021-01-28 20:12:10,-22.3708,-41.7869,89.6,48,0,12.66
76,Avarua,CK,2021-01-28 20:07:15,-21.2078,-159.775,84.2,70,20,13.8
77,Goderich,CA,2021-01-28 20:00:02,43.7501,-81.7165,19.4,93,100,19.57
78,Saravan,AM,2021-01-28 20:12:11,39.7196,45.6483,26.6,86,90,4.61
79,Srednekolymsk,RU,2021-01-28 20:12:11,67.45,153.6833,-17.32,88,100,7.25
80,Bambanglipuro,ID,2021-01-28 20:12:11,-7.95,110.2833,77.22,85,100,6.76
81,Arman,RU,2021-01-28 20:03:08,59.7,150.1667,-16.71,78,0,9.73
82,Hovd,MN,2021-01-28 20:03:07,48.0056,91.6419,4.35,83,0,1.28
83,Chifeng,CN,2021-01-28 20:03:12,42.2683,118.9636,-11.78,77,0,2.71
84,Mahebourg,MU,2021-01-28 20:02:31,-20.4081,57.7,78.01,80,13,3.0
85,Tingi,TZ,2021-01-28 20:12:11,-11.3,35.0333,65.59,92,100,2.46
86,Klaksvik,FO,2021-01-28 20:02:41,62.2266,-6.589,32.0,64,18,12.66
87,Qaanaaq,GL,2021-01-28 20:12:12,77.484,-69.3632,-12.21,67,0,9.73
88,Nikolskoye,RU,2021-01-28 20:07:56,59.7035,30.7861,33.8,86,75,8.95
89,Bulgan,MN,2021-01-28 20:12:12,48.8125,103.5347,13.12,83,2,14.83
90,Leh,IN,2021-01-28 20:12:12,34.1667,77.5833,2.35,61,48,0.54
91,Karacabey,TR,2021-01-28 20:12:12,40.2152,28.4038,32.0,93,20,1.14
92,Twin Falls,US,2021-01-28 20:12:12,42.3505,-114.6445,46.99,45,40,31.07
93,Devarkonda,IN,2021-01-28 20:12:12,16.7,78.9333,68.74,84,0,6.73
94,Umm Kaddadah,SD,2021-01-28 20:02:20,13.6017,26.6876,72.66,15,97,17.74
95,Kuala Terengganu,MY,2021-01-28 20:12:13,5.3302,103.1408,78.8,83,20,2.3
96,Jamestown,US,2021-01-28 20:10:10,42.097,-79.2353,17.01,79,90,17.27
97,Rio Gallegos,AR,2021-01-28 20:01:28,-51.6226,-69.2181,50.0,71,75,18.41
98,Sibu,MY,2021-01-28 20:12:13,2.3,111.8167,75.2,94,40,1.12
99,Eureka,US,2021-01-28 20:08:50,40.8021,-124.1637,48.99,84,100,3.27
100,East London,ZA,2021-01-28 20:07:25,-33.0153,27.9116,69.89,75,61,9.57
101,Barrow,US,2021-01-28 20:08:05,71.2906,-156.7887,-11.2,77,90,9.22
102,Coruripe,BR,2021-01-28 20:12:14,-10.1256,-36.1756,80.58,72,61,12.77
103,Tasiilaq,GL,2021-01-28 20:02:18,65.6145,-37.6368,28.4,86,90,18.41
104,Castro,BR,2021-01-28 20:12:14,-24.7911,-50.0119,70.81,90,100,5.21
105,Fjerritslev,DK,2021-01-28 20:12:14,57.0813,9.2664,27.0,93,20,2.3
106,Hilo,US,2021-01-28 20:12:14,19.7297,-155.09,75.2,69,75,5.75
107,Nelson Bay,AU,2021-01-28 20:12:15,-32.7167,152.15,69.8,100,90,11.5
108,Vanimo,PG,2021-01-28 20:12:15,-2.6741,141.3028,77.97,82,100,3.8
109,Luganville,VU,2021-01-28 20:12:15,-15.5333,167.1667,79.21,83,94,2.1
110,Pasighat,IN,2021-01-28 20:12:15,28.0667,95.3333,57.47,36,0,3.42
111,Pandamatenga,BW,2021-01-28 20:12:15,-18.5278,25.627,69.21,94,100,5.14
112,Miguel Calmon,BR,2021-01-28 20:12:15,-11.4289,-40.595,84.42,42,100,5.91
113,Pringsewu,ID,2021-01-28 20:12:16,-5.3582,104.9744,72.5,93,100,1.41
114,Chokurdakh,RU,2021-01-28 20:02:17,70.6333,147.9167,-18.65,88,100,7.36
115,Imbituba,BR,2021-01-28 20:11:37,-28.24,-48.6703,78.8,89,75,10.36
116,Ponta Do Sol,PT,2021-01-28 20:02:17,32.6667,-17.1,61.0,76,46,3.6
117,Atuona,PF,2021-01-28 20:12:16,-9.8,-139.0333,78.13,80,16,20.24
118,Barahona,DO,2021-01-28 20:12:16,18.2085,-71.1008,84.2,74,40,17.27
119,Ust-Kuyga,RU,2021-01-28 20:03:43,70.0167,135.6,-45.99,74,32,6.53
120,Te Anau,NZ,2021-01-28 20:02:33,-45.4167,167.7167,44.13,83,92,2.42
121,Baghdad,IQ,2021-01-28 20:11:48,33.3406,44.4009,53.6,58,0,6.91
122,Namie,JP,2021-01-28 20:11:43,37.4833,141.0,36.0,94,5,22.5
123,Pevek,RU,2021-01-28 20:12:17,69.7008,170.3133,-19.7,85,28,1.23
124,Salinopolis,BR,2021-01-28 20:12:17,-0.6136,-47.3561,82.18,73,67,11.83
125,Butaritari,KI,2021-01-28 20:12:17,3.0707,172.7902,80.85,80,93,18.77
126,Bethel,US,2021-01-28 20:12:17,41.3712,-73.414,28.4,43,1,18.41
127,Lucapa,AO,2021-01-28 20:12:18,-8.4192,20.7447,66.65,91,97,1.59
128,Abu Samrah,SY,2021-01-28 20:02:52,35.3029,37.1841,45.07,85,58,5.88
129,Tessalit,ML,2021-01-28 20:02:47,20.1986,1.0114,71.04,20,0,11.36
130,Thompson,CA,2021-01-28 20:02:23,55.7435,-97.8558,-4.0,84,75,3.44
131,Leshukonskoye,RU,2021-01-28 20:02:39,64.8989,45.7622,-7.1,90,1,6.29
132,Cherskiy,RU,2021-01-28 20:02:45,68.75,161.3,-27.83,85,100,2.46
133,Bengkulu,ID,2021-01-28 20:02:38,-3.8004,102.2655,75.07,90,98,9.1
134,Abu Dhabi,AE,2021-01-28 20:11:04,24.4667,54.3667,68.0,77,0,3.44
135,Tiksi,RU,2021-01-28 20:12:19,71.6872,128.8694,-20.38,87,100,6.06
136,Puerto Ayora,EC,2021-01-28 20:02:27,-0.7393,-90.3518,84.2,70,20,13.8
137,Butzow,DE,2021-01-28 20:12:19,53.85,11.9833,33.01,80,20,9.22
138,Arraial Do Cabo,BR,2021-01-28 20:07:50,-22.9661,-42.0278,91.4,57,0,20.71
139,Nizhneudinsk,RU,2021-01-28 20:11:00,54.9076,99.0276,-24.07,84,100,2.06
140,Hithadhoo,MV,2021-01-28 20:07:54,-0.6,73.0833,81.68,70,100,10.22
141,Lloydminster,CA,2021-01-28 20:12:19,53.2835,-110.0016,5.0,78,90,3.44
142,Lorengau,PG,2021-01-28 20:12:20,-2.0226,147.2712,81.07,77,97,4.94
143,Codrington,AU,2021-01-28 20:12:20,-38.2667,141.9667,65.23,94,100,12.17
144,Kiruna,SE,2021-01-28 20:02:45,67.8557,20.2251,8.6,92,90,5.75
145,Potenza,IT,2021-01-28 20:12:20,40.6443,15.8086,48.99,75,0,19.57
146,Ketchikan,US,2021-01-28 20:02:22,55.3422,-131.6461,26.6,80,1,3.2
147,Upernavik,GL,2021-01-28 20:12:20,72.7868,-56.1549,-12.01,88,70,11.01
148,Mao,ES,2021-01-28 20:12:20,39.8885,4.2658,55.4,94,0,0.92
149,Xuddur,SO,2021-01-28 20:12:21,4.1213,43.8894,76.89,40,0,14.32
150,Veraval,IN,2021-01-28 20:12:21,20.9,70.3667,65.86,30,0,14.54
151,Sitka,US,2021-01-28 20:02:29,57.0531,-135.33,28.4,74,90,4.14
152,Borba,BR,2021-01-28 20:12:21,-4.3878,-59.5939,82.83,89,94,1.03
153,Flinders,AU,2021-01-28 20:12:21,-34.5833,150.8552,66.99,92,100,1.01
154,Cidreira,BR,2021-01-28 20:02:47,-30.1811,-50.2056,75.87,80,100,11.34
155,Dhemaji,IN,2021-01-28 20:12:21,27.4833,94.5833,56.7,55,0,4.76
156,Ambanja,MG,2021-01-28 20:12:22,-13.6833,48.45,76.32,89,99,2.73
157,Longyearbyen,SJ,2021-01-28 20:02:03,78.2186,15.6401,-2.2,55,20,27.63
158,Vardo,NO,2021-01-28 20:03:24,70.3705,31.1107,23.0,74,75,25.32
159,Vila,PT,2021-01-28 20:03:06,42.0304,-8.1588,53.01,95,100,10.0
160,Tigil,RU,2021-01-28 20:09:40,57.8,158.6667,-11.63,90,100,3.31
161,Bialystok,PL,2021-01-28 20:12:22,53.1333,23.15,26.01,90,100,9.01
162,Aden,YE,2021-01-28 20:02:33,12.7794,45.0367,75.38,71,0,13.49
163,Mahajanga,MG,2021-01-28 20:12:22,-15.7167,46.3167,82.4,83,20,5.75
164,Saint George,US,2021-01-28 19:58:49,37.1041,-113.5841,53.01,37,1,14.97
165,Taoudenni,ML,2021-01-28 20:08:20,22.6783,-3.9836,71.78,22,0,15.52
166,Lavrentiya,RU,2021-01-28 20:02:27,65.5833,-171.0,-8.18,85,100,13.27
167,Kavaratti,IN,2021-01-28 20:03:00,10.5669,72.642,80.08,72,64,7.9
168,Bredasdorp,ZA,2021-01-28 20:02:24,-34.5322,20.0403,62.6,67,2,5.75
169,Hambantota,LK,2021-01-28 20:02:58,6.1241,81.1185,76.17,83,50,2.93
170,Smolenka,RU,2021-01-28 20:12:23,52.1352,113.4974,-32.8,68,40,1.66
171,Sao Felix Do Xingu,BR,2021-01-28 20:12:23,-6.6447,-51.995,72.63,96,100,0.72
172,Quatre Cocos,MU,2021-01-28 20:12:24,-20.2078,57.7625,78.01,94,75,5.75
173,Ampanihy,MG,2021-01-28 20:12:24,-24.7,44.75,74.75,88,8,3.24
174,Iqaluit,CA,2021-01-28 20:02:52,63.7506,-68.5145,-9.4,70,1,26.46
175,Severo-Kurilsk,RU,2021-01-28 20:02:47,50.6789,156.125,27.7,92,54,12.91
176,Coquimbo,CL,2021-01-28 19:58:23,-29.9533,-71.3436,64.4,72,20,13.8
177,Bilibino,RU,2021-01-28 20:08:18,68.0546,166.4372,-18.35,81,100,7.63
178,Podor,MR,2021-01-28 20:12:25,16.6527,-14.9587,86.0,20,0,2.3
179,Namibe,AO,2021-01-28 20:03:01,-15.1961,12.1522,74.61,76,98,10.56
180,Kununurra,AU,2021-01-28 20:12:25,-15.7667,128.7333,78.8,100,75,8.05
181,Lichinga,MZ,2021-01-28 20:12:25,-13.3128,35.2406,68.0,100,75,2.3
182,Katiola,CI,2021-01-28 20:12:25,8.1333,-5.1,84.2,54,14,4.61
183,Bilma,NE,2021-01-28 20:02:42,18.6853,12.9164,66.4,23,0,10.29
184,Palencia,ES,2021-01-28 20:12:26,42.4167,-4.5,55.99,86,97,7.0
185,Nabisar,PK,2021-01-28 20:12:26,25.0685,69.6419,59.14,27,0,9.28
186,Vitorino Freire,BR,2021-01-28 20:12:26,-4.0667,-45.1667,80.83,91,91,4.54
187,Torbay,CA,2021-01-28 20:08:48,47.6666,-52.7314,27.0,93,90,11.5
188,Saint-Philippe,RE,2021-01-28 20:02:27,-21.3585,55.7679,78.8,73,0,8.05
189,Kachug,RU,2021-01-28 20:12:10,53.9606,105.8817,-24.05,81,94,5.17
190,Half Moon Bay,US,2021-01-28 20:08:55,37.4636,-122.4286,53.6,82,75,9.22
191,Nuuk,GL,2021-01-28 20:02:46,64.1835,-51.7216,30.2,59,20,17.27
192,Lewiston,US,2021-01-28 20:12:27,44.1003,-70.2148,30.2,64,90,10.36
193,Tuktoyaktuk,CA,2021-01-28 20:09:34,69.4541,-133.0374,-34.6,74,1,10.36
194,Garcia Hernandez,PH,2021-01-28 20:12:27,9.6144,124.2946,76.96,81,77,14.23
195,Nyimba,ZM,2021-01-28 20:12:27,-14.5566,30.8149,72.73,76,99,2.84
196,Mwinilunga,ZM,2021-01-28 20:12:27,-11.7358,24.4293,63.23,94,100,3.04
197,Vila Franca Do Campo,PT,2021-01-28 19:59:06,37.7167,-25.4333,63.0,94,75,19.57
198,Varzea Da Palma,BR,2021-01-28 20:12:28,-17.5981,-44.7308,85.84,47,68,3.53
199,Dikson,RU,2021-01-28 20:12:28,73.5069,80.5464,-31.94,79,65,5.1
200,Juneau,US,2021-01-28 20:12:28,58.3019,-134.4197,19.4,63,90,4.36
201,Namatanai,PG,2021-01-28 20:02:49,-3.6667,152.4333,80.06,80,60,4.99
202,Husavik,IS,2021-01-28 20:02:55,66.0449,-17.3389,-4.0,84,0,2.3
203,Muswellbrook,AU,2021-01-28 20:12:28,-32.2667,150.9,68.0,86,100,5.99
204,Mirik,IN,2021-01-28 20:12:29,26.8945,88.1848,44.47,74,0,4.59
205,Pokrovsk,UA,2021-01-28 20:12:29,48.282,37.1758,32.11,93,1,14.97
206,Bandundu,CD,2021-01-28 20:12:29,-3.3167,17.3667,73.99,88,91,1.52
207,Nicoya,CR,2021-01-28 20:03:30,10.1483,-85.452,89.6,37,0,31.07
208,Lokosovo,RU,2021-01-28 20:12:29,61.1333,74.8167,0.1,93,100,3.24
209,Gawler,AU,2021-01-28 20:12:29,-34.6,138.7333,64.99,69,63,4.18
210,Port Alfred,ZA,2021-01-28 20:08:03,-33.5906,26.891,66.99,76,0,4.0
211,Peniche,PT,2021-01-28 20:12:30,39.3558,-9.3811,55.99,99,63,5.01
212,Domodossola,IT,2021-01-28 20:12:30,46.1165,8.2931,39.0,82,52,1.99
213,Jumla,NP,2021-01-28 20:12:30,29.2747,82.1838,30.31,73,0,5.19
214,Tias,ES,2021-01-28 20:12:30,28.9611,-13.645,68.0,83,0,2.3
215,Harper,LR,2021-01-28 20:09:11,4.375,-7.7169,78.66,84,9,5.48
216,Nhulunbuy,AU,2021-01-28 20:12:30,-12.2333,136.7667,77.0,94,75,8.05
217,Sosnovo-Ozerskoye,RU,2021-01-28 20:12:09,52.5249,111.5418,-25.56,87,95,3.6
218,Alofi,NU,2021-01-28 20:03:13,-19.0595,-169.9187,77.0,94,90,10.36
219,Necochea,AR,2021-01-28 20:03:13,-38.5473,-58.7368,75.0,52,100,4.0
220,Lundazi,ZM,2021-01-28 20:12:31,-12.2929,33.1782,68.34,89,100,3.09
221,Walvis Bay,NA,2021-01-28 20:12:31,-22.9575,14.5053,66.2,82,0,5.75
222,Fernley,US,2021-01-28 20:12:31,39.608,-119.2518,41.0,100,100,5.01
223,Polunochnoye,RU,2021-01-28 20:12:31,60.8697,60.4153,17.29,96,3,5.39
224,Khasan,RU,2021-01-28 20:12:31,42.4308,130.6434,3.15,84,75,35.7
225,Talnakh,RU,2021-01-28 20:03:01,69.4865,88.3972,-33.38,74,0,5.46
226,Nuevo Progreso,MX,2021-01-28 20:12:32,23.1667,-97.95,72.0,43,37,7.0
227,Margate,GB,2021-01-28 20:12:32,51.3813,1.3862,51.01,86,100,4.0
228,Mar Del Plata,AR,2021-01-28 20:08:39,-38.0023,-57.5575,82.4,44,75,8.05
229,Hofn,IS,2021-01-28 20:03:18,64.2539,-15.2082,32.0,59,75,8.05
230,Kedrovyy,RU,2021-01-28 20:12:09,56.1667,91.8167,-13.0,77,75,8.95
231,Bonavista,CA,2021-01-28 20:02:59,48.6499,-53.1147,25.0,80,100,3.44
232,Jalali,IN,2021-01-28 20:12:33,27.8667,78.2667,47.88,52,0,4.16
233,Borogontsy,RU,2021-01-28 20:12:33,62.6683,131.1683,-50.51,76,95,2.77
234,Verkhnevilyuysk,RU,2021-01-28 20:12:33,63.4453,120.3167,-48.57,77,100,2.55
235,Rangia,IN,2021-01-28 20:12:33,26.4667,91.6333,55.4,88,40,3.94
236,Mayo,US,2021-01-28 20:02:43,38.8876,-76.5119,37.0,41,1,23.02
237,Slave Lake,CA,2021-01-28 20:11:31,55.2834,-114.769,-2.2,84,90,4.61
238,Port Hedland,AU,2021-01-28 20:08:13,-20.3167,118.5667,78.8,89,0,6.91
239,Aykhal,RU,2021-01-28 20:08:33,66.0,111.5,-36.87,80,56,5.82
240,Mount Isa,AU,2021-01-28 20:02:39,-20.7333,139.5,75.2,64,73,16.08
241,Otjiwarongo,NA,2021-01-28 20:08:31,-20.4637,16.6477,74.07,50,100,3.65
242,Luwuk,ID,2021-01-28 20:12:34,-0.9516,122.7875,77.49,68,90,4.88
243,Askim,NO,2021-01-28 20:12:34,59.5833,11.1629,12.0,90,0,2.51
244,Esperance,AU,2021-01-28 20:02:49,-33.8667,121.9,57.2,88,1,4.61
245,Biltine,TD,2021-01-28 20:12:35,14.5333,20.9167,74.01,16,76,13.87
246,Khatanga,RU,2021-01-28 20:12:35,71.9667,102.5,-40.27,75,0,3.51
247,Gat,IL,2021-01-28 20:03:02,31.61,34.7642,52.0,100,1,1.99
248,Road Town,VG,2021-01-28 20:12:35,18.4167,-64.6167,82.4,57,20,8.05
249,Yulara,AU,2021-01-28 20:12:35,-25.2406,130.9889,84.2,45,40,4.61
250,Araguacu,BR,2021-01-28 20:12:35,-12.9306,-49.8264,81.93,75,100,2.89
251,Tateyama,JP,2021-01-28 20:12:35,34.9833,139.8667,50.0,62,20,17.27
252,Dezhou,CN,2021-01-28 20:12:36,37.4486,116.2925,25.47,66,0,9.75
253,Sinnamary,GF,2021-01-28 20:08:19,5.3833,-52.95,79.52,73,75,8.08
254,Buin,CL,2021-01-28 20:12:36,-33.7333,-70.75,86.0,22,75,8.05
255,Puerto Carreno,CO,2021-01-28 20:12:36,6.189,-67.4859,92.95,36,100,14.38
256,Myaundzha,RU,2021-01-28 20:12:11,63.0494,147.1858,-21.69,84,100,3.0
257,Elbistan,TR,2021-01-28 20:12:36,38.2059,37.1983,28.47,96,59,2.37
258,Nisia Floresta,BR,2021-01-28 20:12:36,-6.0911,-35.2086,84.2,65,75,18.41
259,Kamakwie,SL,2021-01-28 20:12:36,9.5,-12.2333,84.18,22,100,5.06
260,Yar-Sale,RU,2021-01-28 20:12:37,66.8333,70.8333,-27.65,85,100,9.4
261,Stutterheim,ZA,2021-01-28 20:12:37,-32.5708,27.424,56.53,96,23,3.49
262,Gubkinskiy,RU,2021-01-28 20:12:37,64.434,76.5026,-24.95,86,100,11.25
263,Siguiri,GN,2021-01-28 20:12:37,11.6667,-9.5,78.91,15,79,2.17
264,Erenhot,CN,2021-01-28 20:03:27,43.6475,111.9767,7.27,87,0,11.54
265,Sorong,ID,2021-01-28 20:09:39,-0.8833,131.25,80.37,81,100,10.36
266,Carutapera,BR,2021-01-28 20:03:42,-1.195,-46.02,83.17,66,57,9.51
267,Komsomolskiy,UZ,2021-01-28 20:07:40,40.4272,71.7189,30.2,59,0,6.91
268,Obidos,BR,2021-01-28 20:12:38,-1.9175,-55.5181,86.32,62,70,5.55
269,Stony Plain,CA,2021-01-28 20:12:38,53.5334,-114.0021,3.99,85,20,4.61
270,Kloulklubed,PW,2021-01-28 20:03:33,7.0419,134.2556,77.0,94,90,8.05
271,Bara,NG,2021-01-28 20:12:38,10.3744,10.7288,77.65,17,38,10.47
272,Medea,DZ,2021-01-28 20:12:38,36.2642,2.7539,55.4,88,0,3.44
273,Buala,SB,2021-01-28 20:03:09,-8.145,159.5921,80.78,83,100,13.76
274,Ramanuj Ganj,IN,2021-01-28 20:12:39,23.8,83.7,55.35,43,69,1.39
275,Sibolga,ID,2021-01-28 20:12:39,1.7427,98.7792,74.26,74,100,4.05
276,Bathsheba,BB,2021-01-28 20:03:03,13.2167,-59.5167,82.4,61,40,18.41
277,Kaitangata,NZ,2021-01-28 20:02:57,-46.2817,169.8464,48.99,84,94,11.01
278,Saint-Georges,GD,2021-01-28 20:03:46,12.0564,-61.7485,86.0,58,75,20.71
279,Tecoanapa,MX,2021-01-28 20:12:39,16.5167,-98.75,85.3,53,100,10.85
280,Provideniya,RU,2021-01-28 20:12:11,64.3833,-173.3,1.2,84,100,18.25
281,Vao,NC,2021-01-28 20:12:39,-22.6667,167.4833,77.07,84,53,20.6
282,Russell,US,2021-01-28 20:12:40,32.3502,-85.1999,55.4,35,1,13.8
283,Springbok,ZA,2021-01-28 20:12:40,-29.6643,17.8865,67.95,35,0,4.59
284,Panambi,BR,2021-01-28 20:12:40,-28.2925,-53.5017,78.15,85,80,6.11
285,San Cristobal,VE,2021-01-28 20:11:24,7.7669,-72.225,86.0,54,20,11.5
286,Dhamrai,BD,2021-01-28 20:12:40,23.9202,90.2109,62.6,82,0,3.44
287,Najran,SA,2021-01-28 20:12:40,17.4924,44.1277,66.2,24,0,4.61
288,Quang Ngai,VN,2021-01-28 20:12:41,15.1167,108.8,65.43,87,92,4.97
289,Moengo,SR,2021-01-28 20:12:41,5.6167,-54.4,82.31,61,86,5.88
290,Mafinga,TZ,2021-01-28 20:12:41,-7.25,35.0667,67.53,91,81,1.25
291,Young,UY,2021-01-28 20:12:41,-32.6833,-57.6333,95.34,22,42,10.2
292,Pacific Grove,US,2021-01-28 20:02:52,36.6177,-121.9166,55.4,71,75,8.05
293,Sulphur Springs,US,2021-01-28 20:12:41,33.1385,-95.6011,46.4,57,1,3.44
294,Suntar,RU,2021-01-28 20:12:41,62.1444,117.6319,-44.21,79,100,3.8
295,Jonesboro,US,2021-01-28 20:10:58,35.8423,-90.7043,37.99,60,1,11.5
296,Ahmadpur East,PK,2021-01-28 20:12:42,29.1431,71.2598,49.21,45,0,1.79
297,Rongcheng,CN,2021-01-28 20:12:42,30.634,117.8517,35.35,81,0,3.78
298,Magdalena,PH,2021-01-28 20:12:42,14.1999,121.429,77.0,73,20,3.44
299,Lata,PT,2021-01-28 20:03:34,40.1629,-8.3327,57.99,92,67,1.01
300,Itoman,JP,2021-01-28 20:12:42,26.1247,127.6694,57.2,54,75,24.16
301,Kulhudhuffushi,MV,2021-01-28 20:12:42,6.6221,73.07,81.05,59,3,6.06
302,Lompoc,US,2021-01-28 20:12:43,34.6391,-120.4579,51.8,87,90,6.91
303,Tuatapere,NZ,2021-01-28 20:02:56,-46.1333,167.6833,48.0,80,91,8.01
304,Pestravka,RU,2021-01-28 20:12:43,52.405,49.9583,23.74,97,100,13.33
305,Bambous Virieux,MU,2021-01-28 20:02:43,-20.3428,57.7575,78.01,80,0,3.0
306,Sola,VU,2021-01-28 20:12:43,-13.8833,167.55,82.13,74,100,1.05
307,Jacareacanga,BR,2021-01-28 20:09:42,-6.2222,-57.7528,80.6,89,75,2.3
308,Nouadhibou,MR,2021-01-28 20:09:30,20.931,-17.0347,71.19,55,0,15.79
309,Altay,CN,2021-01-28 20:03:00,47.8667,88.1167,1.74,77,0,1.59
310,Berdigestyakh,RU,2021-01-28 20:12:44,62.0989,126.6992,-44.28,77,100,1.86
311,Luanda,AO,2021-01-28 20:11:51,-8.8368,13.2343,80.6,83,40,5.75
312,Saskylakh,RU,2021-01-28 20:09:13,71.9167,114.0833,-42.3,79,43,4.09
313,Dombarovskiy,RU,2021-01-28 20:12:44,50.7587,59.5386,12.22,95,95,13.62
314,Lebu,CL,2021-01-28 20:12:44,-37.6167,-73.65,61.77,83,98,8.55
315,La Ronge,CA,2021-01-28 20:03:13,55.1001,-105.2842,3.2,78,100,8.05
316,Bouar,CF,2021-01-28 20:12:44,5.934,15.596,71.71,23,77,5.7
317,Ca Mau,VN,2021-01-28 20:01:22,9.1769,105.15,75.79,72,78,8.48
318,Kruisfontein,ZA,2021-01-28 20:12:45,-34.0033,24.7314,64.0,78,0,0.74
319,Severnyy,RU,2021-01-28 20:12:45,50.677,36.5532,37.4,87,75,11.18
320,Kahului,US,2021-01-28 20:02:53,20.8947,-156.47,75.2,60,20,18.41
321,Beloit,US,2021-01-28 20:11:17,42.5084,-89.0318,21.0,58,40,4.61
322,Leningradskiy,RU,2021-01-28 20:02:52,69.3833,178.4167,-21.51,85,49,3.62
323,Chaozhou,CN,2021-01-28 20:12:45,23.6651,116.6379,55.4,54,0,6.71
324,Bocas Del Toro,PA,2021-01-28 20:08:52,9.3333,-82.25,70.0,51,100,7.0
325,Noumea,NC,2021-01-28 20:08:08,-22.2763,166.4572,80.01,83,0,4.61
326,Christchurch,NZ,2021-01-28 20:12:11,-43.5333,172.6333,54.0,62,2,10.36
327,Auki,SB,2021-01-28 20:12:46,-8.7676,160.7034,79.92,84,100,13.42
328,Souillac,MU,2021-01-28 20:01:03,-20.5167,57.5167,78.01,80,44,3.0
329,Palafrugell,ES,2021-01-28 20:12:46,41.9174,3.1631,51.01,93,0,1.14
330,Puerto Escondido,MX,2021-01-28 20:03:15,15.85,-97.0667,86.0,70,75,8.05
331,Porirua,NZ,2021-01-28 20:12:46,-41.1333,174.85,54.0,83,82,3.0
332,Sturgeon Falls,CA,2021-01-28 20:12:47,46.3646,-79.9326,7.0,72,90,11.5
333,Kalmunai,LK,2021-01-28 20:12:47,7.4167,81.8167,76.06,88,100,9.33
334,Puro,PH,2021-01-28 20:12:47,12.4841,123.3827,76.69,76,99,15.7
335,Barra Patuca,HN,2021-01-28 20:03:39,15.8,-84.2833,81.37,70,0,14.97
336,Gorom-Gorom,BF,2021-01-28 20:03:10,14.4439,-0.2361,76.28,16,0,8.59
337,Isangel,VU,2021-01-28 20:12:47,-19.55,169.2667,78.8,89,75,14.83
338,Pangkalanbuun,ID,2021-01-28 20:00:15,-2.6833,111.6167,73.76,95,100,2.86
339,Zemio,CF,2021-01-28 20:12:47,5.0314,25.1361,82.06,36,100,2.84
340,Coihaique,CL,2021-01-28 20:02:55,-45.5752,-72.0662,59.0,44,75,9.22
341,Bani Walid,LY,2021-01-28 20:12:48,31.7566,13.9942,55.51,77,1,11.01
342,Oussouye,SN,2021-01-28 20:12:48,12.485,-16.5469,80.6,57,0,2.3
343,Gohpur,IN,2021-01-28 20:12:48,26.8833,93.6333,58.41,60,0,1.95
344,Mnogovershinnyy,RU,2021-01-28 20:12:46,53.9353,139.9242,-10.19,92,100,1.72
345,Kaihua,CN,2021-01-28 20:12:48,23.3687,104.28,48.13,78,100,4.18
346,Puerto Baquerizo Moreno,EC,2021-01-28 20:12:49,-0.9,-89.6,78.8,94,90,9.22
347,Guanare,VE,2021-01-28 20:12:49,9.0418,-69.7421,92.62,33,6,4.52
348,Waingapu,ID,2021-01-28 20:12:49,-9.6567,120.2641,78.08,83,100,8.88
349,Mezen,RU,2021-01-28 20:12:49,65.8522,44.24,-12.75,88,32,7.96
350,Pangoa,PE,2021-01-28 20:12:49,-12.1167,-73.0,86.18,51,5,3.09
351,Waipawa,NZ,2021-01-28 20:12:49,-41.4122,175.5153,55.4,71,75,23.02
352,Touros,BR,2021-01-28 20:12:49,-5.1989,-35.4608,82.4,65,20,17.27
353,Huarmey,PE,2021-01-28 20:03:23,-10.0681,-78.1522,77.22,62,6,12.44
354,Roswell,US,2021-01-28 20:11:34,34.0232,-84.3616,45.0,45,1,13.8
355,Tupik,RU,2021-01-28 20:12:50,54.4253,119.9327,-35.73,80,69,1.97
356,Ilhabela,BR,2021-01-28 20:12:50,-23.7781,-45.3581,83.26,72,100,2.84
357,Klyuchevsk,RU,2021-01-28 20:12:50,57.1216,60.9414,28.4,64,0,8.95
358,Nanortalik,GL,2021-01-28 20:08:06,60.1432,-45.2371,30.92,92,100,4.56
359,Shingu,JP,2021-01-28 20:09:13,33.7333,135.9833,34.59,84,1,20.04
360,Goundam,ML,2021-01-28 20:12:51,16.4145,-3.6708,74.37,14,0,11.27
361,Nabinagar,BD,2021-01-28 20:12:51,23.8917,90.9733,62.6,82,0,3.44
362,Napradea,RO,2021-01-28 20:12:51,47.3667,23.3167,32.0,86,90,4.61
363,Chateauneuf-Les-Martigues,FR,2021-01-28 20:12:51,43.3833,5.1667,57.0,76,0,2.3
364,Sept-Iles,CA,2021-01-28 20:08:52,50.2001,-66.3821,21.2,53,32,5.75
365,Vagur,FO,2021-01-28 20:12:51,61.4732,-6.8119,38.12,75,0,25.61
366,Princeton,US,2021-01-28 20:11:22,25.5384,-80.4089,75.99,73,1,19.57
367,Suslovo,RU,2021-01-28 20:12:52,56.2167,88.1167,14.72,97,100,7.45
368,Una,IN,2021-01-28 20:03:05,20.8167,71.0333,63.25,29,0,12.5
369,Mitsamiouli,KM,2021-01-28 20:02:53,-11.3847,43.2844,82.58,68,8,6.13
370,Polyarnyy,RU,2021-01-28 20:12:52,69.1989,33.4478,6.8,72,0,11.18
371,Tazovskiy,RU,2021-01-28 20:03:25,67.4667,78.7,-38.69,80,100,11.92
372,Geraldton,AU,2021-01-28 20:12:52,-28.7667,114.6,68.0,73,0,10.36
373,Sawakin,SD,2021-01-28 20:12:53,19.1059,37.3321,78.06,70,30,2.55
374,Groningen,NL,2021-01-28 20:12:53,53.25,6.75,36.0,93,90,6.91
375,Sanchez,DO,2021-01-28 20:12:53,19.2281,-69.6137,86.0,74,40,9.22
376,Tocopilla,CL,2021-01-28 20:12:53,-22.092,-70.1979,73.08,51,15,5.88
377,Zhigansk,RU,2021-01-28 20:03:03,66.7697,123.3711,-52.96,74,56,5.14
378,Gwadar,PK,2021-01-28 20:12:53,25.1216,62.3254,64.87,39,0,5.93
379,Mandalgovi,MN,2021-01-28 20:03:44,45.7625,106.2708,11.77,88,100,15.79
380,Bereda,ES,2021-01-28 20:12:54,43.2686,-7.5406,57.0,94,100,11.99
381,Saldanha,ZA,2021-01-28 20:12:54,-33.0117,17.9442,62.6,67,0,4.61
382,Shar,KZ,2021-01-28 20:12:54,49.5886,81.0453,9.25,92,0,7.52
383,Salta,AR,2021-01-28 20:12:54,-24.7859,-65.4117,84.2,37,20,5.75
384,Dickinson,US,2021-01-28 20:12:54,29.4608,-95.0513,60.01,38,1,3.44
385,Ahipara,NZ,2021-01-28 20:02:56,-35.1667,173.1667,62.74,66,62,15.95
386,Saint-Louis,SN,2021-01-28 20:12:55,16.3333,-15.0,86.0,20,0,2.3
387,Meulaboh,ID,2021-01-28 20:03:32,4.1363,96.1285,75.94,88,100,4.59
388,Lano,NG,2021-01-28 20:12:55,10.1725,11.4715,78.71,16,68,8.88
389,Rochegda,RU,2021-01-28 20:12:55,62.8,43.25,22.12,98,100,5.75
390,Bud,US,2021-01-28 20:12:55,39.447,-86.1758,32.0,67,0,6.55
391,Aksu,CN,2021-01-28 20:12:55,41.1231,80.2644,19.13,81,0,3.87
392,Ahraura,IN,2021-01-28 20:12:55,25.0167,83.0167,50.0,93,19,3.0
393,Port Lincoln,AU,2021-01-28 20:12:56,-34.7333,135.8667,61.2,91,14,4.97
394,Qaqortoq,GL,2021-01-28 20:12:56,60.7167,-46.0333,44.6,31,75,24.16
395,Purpe,RU,2021-01-28 20:12:56,64.4803,76.6897,-25.11,86,100,11.95
396,Shumskiy,RU,2021-01-28 20:12:56,54.8318,99.1328,-23.91,84,100,1.92
397,Naze,JP,2021-01-28 20:12:56,28.3667,129.4833,49.46,81,70,23.82
398,Nogliki,RU,2021-01-28 20:12:56,51.8333,143.1667,-7.55,90,65,8.1
399,Fairbanks,US,2021-01-28 19:59:18,64.8378,-147.7164,-2.99,76,75,2.53
400,Alice Springs,AU,2021-01-28 20:09:11,-23.7,133.8833,80.6,47,75,3.44
401,Aquiraz,BR,2021-01-28 20:12:57,-3.9014,-38.3911,82.4,74,0,10.36
402,Kigoma,TZ,2021-01-28 20:12:57,-4.8769,29.6267,71.6,94,40,3.71
403,Portland,US,2021-01-28 20:00:47,45.5234,-122.6762,46.99,81,90,4.61
404,Owen Sound,CA,2021-01-28 20:12:57,44.5672,-80.9435,18.0,77,100,5.99
405,Mehamn,NO,2021-01-28 20:03:10,71.0357,27.8492,23.0,68,75,16.11
406,Taltal,CL,2021-01-28 20:12:57,-25.4,-70.4833,70.47,61,25,6.08
407,Haines Junction,CA,2021-01-28 20:08:28,60.7522,-137.5108,-22.0,76,100,1.54
408,Talakan,RU,2021-01-28 20:12:58,50.3167,130.3667,-24.86,85,90,1.48
409,Lazaro Cardenas,MX,2021-01-28 20:09:42,17.9583,-102.2,87.78,46,70,8.16
410,Faya,SA,2021-01-28 20:12:58,18.3851,42.4509,60.8,41,0,6.91
411,San Sebastian,ES,2021-01-28 20:12:58,43.3128,-1.975,55.99,100,0,2.3
412,Tulua,CO,2021-01-28 20:12:58,4.0847,-76.1954,84.2,54,75,2.3
413,Moose Factory,CA,2021-01-28 20:12:58,51.2585,-80.6094,3.2,78,90,14.97
414,Los Alamos,US,2021-01-28 20:12:59,35.8881,-106.307,39.0,44,1,3.62
415,Brest,BY,2021-01-28 20:12:59,52.1,23.7,27.23,98,99,9.48
416,Zaraza,VE,2021-01-28 20:09:29,9.3503,-65.3245,88.7,42,72,7.9
417,Fortuna,US,2021-01-28 20:12:59,40.5982,-124.1573,46.99,93,75,10.36
418,Jacksonville,US,2021-01-28 20:12:59,30.3322,-81.6556,59.0,41,20,13.8
419,Norman Wells,CA,2021-01-28 20:12:59,65.282,-126.8329,-25.6,75,20,3.44
420,Fayetteville,US,2021-01-28 20:12:59,35.0527,-78.8784,44.6,45,20,16.11
421,Kavieng,PG,2021-01-28 20:13:00,-2.5744,150.7967,82.83,76,59,9.37
422,Wrexham,GB,2021-01-28 20:12:13,53.0,-3.0,50.0,93,40,9.22
423,Zhuanghe,CN,2021-01-28 20:13:00,39.7008,122.9911,8.08,71,0,3.44
424,Januaria,BR,2021-01-28 20:13:00,-15.4833,-44.3667,86.9,46,15,3.42
425,Sangar,RU,2021-01-28 20:13:00,63.9242,127.4739,-54.42,70,55,3.36
426,Umba,RU,2021-01-28 20:13:00,66.6871,34.3429,6.1,94,100,12.82
427,Manama,BH,2021-01-28 20:13:01,26.2154,50.5832,66.2,82,0,3.44
428,Windhoek,NA,2021-01-28 20:09:05,-22.5594,17.0832,73.99,38,65,4.61
429,Toropets,RU,2021-01-28 20:13:01,56.4978,31.6353,27.46,98,100,3.74
430,Wichian Buri,TH,2021-01-28 20:13:01,15.6578,101.106,73.06,52,72,15.41
431,Nishihara,JP,2021-01-28 20:13:01,26.1842,127.7558,57.2,44,75,21.85
432,Bada,RU,2021-01-28 20:13:02,51.392,109.8717,-4.41,85,80,14.0
433,Soledad,CO,2021-01-28 20:09:33,10.9184,-74.7646,84.2,65,0,18.41
434,Ovre Ardal,NO,2021-01-28 20:13:02,61.3167,7.8,14.0,100,75,2.3
435,Muli,MV,2021-01-28 20:13:02,2.9167,73.5667,80.4,79,4,15.64
436,Sao Joao Da Barra,BR,2021-01-28 20:13:02,-21.6403,-41.0511,86.0,58,0,16.11
437,Gizo,SB,2021-01-28 20:13:02,-8.103,156.8419,83.7,76,100,15.7
438,Kabare,CD,2021-01-28 20:13:03,-2.4683,28.8242,61.2,80,99,0.81
439,Ivaipora,BR,2021-01-28 20:13:03,-24.2478,-51.6847,76.6,78,87,2.86
440,Kiama,AU,2021-01-28 20:13:03,-34.6833,150.8667,66.99,85,100,8.01
441,Pahrump,US,2021-01-28 20:13:03,36.2083,-115.9839,59.0,31,99,11.99
442,Bam,IR,2021-01-28 20:13:03,29.106,58.357,51.24,33,2,4.52
443,Krasnoye,UA,2021-01-28 20:13:03,49.9145,24.6134,26.6,80,0,4.47
444,Hanzhong,CN,2021-01-28 20:13:04,33.0728,107.0303,39.47,68,0,1.01
445,Jalu,LY,2021-01-28 20:13:04,29.0331,21.5482,55.71,51,4,12.46
446,Rawson,AR,2021-01-28 20:12:45,-43.3002,-65.1023,72.97,24,46,17.85
447,Akashi,JP,2021-01-28 20:13:04,34.6333,134.9833,39.2,60,20,27.63
448,Katsuura,JP,2021-01-28 20:13:04,35.1333,140.3,50.0,62,20,17.27
449,Filotion,GR,2021-01-28 20:13:04,37.05,25.5,46.4,36,9,11.5
450,Dicabisagan,PH,2021-01-28 20:13:05,17.0818,122.4157,70.93,84,58,10.63
451,Evensk,RU,2021-01-28 20:03:24,61.95,159.2333,-4.95,85,100,13.09
452,Pecos,US,2021-01-28 20:13:05,31.4229,-103.4932,57.2,24,1,6.91
453,Fallon,US,2021-01-28 20:13:05,39.4735,-118.7774,46.4,49,75,26.46
454,Zarand,IR,2021-01-28 20:13:05,30.8127,56.564,46.85,42,19,2.55
455,Hasaki,JP,2021-01-28 20:13:05,35.7333,140.8333,37.4,93,75,4.61
456,Pavlovsk,RU,2021-01-28 20:11:15,50.4578,40.1081,35.56,95,100,10.33
457,Acari,PE,2021-01-28 20:13:06,-15.4311,-74.6158,83.62,43,56,11.39
458,Ballina,AU,2021-01-28 20:03:14,-28.8667,153.5667,75.2,73,40,8.05
459,Tual,ID,2021-01-28 20:13:06,-5.6667,132.75,83.01,77,100,11.95
460,Vermillion,US,2021-01-28 20:13:06,42.7794,-96.9292,25.0,80,90,14.97
461,El Alto,PE,2021-01-28 20:03:41,-4.2714,-81.2147,84.2,61,20,10.36
462,Broome,US,2021-01-28 20:03:23,42.2506,-75.833,17.01,57,90,11.5
463,Dharan,NP,2021-01-28 20:13:07,26.8125,87.2835,56.37,58,0,5.37
464,Udala,ES,2021-01-28 20:13:07,43.0778,-2.5125,59.0,77,40,11.5
465,Tambopata,PE,2021-01-28 20:08:16,-12.7333,-69.1833,89.6,66,20,11.5
466,Cap Malheureux,MU,2021-01-28 20:08:34,-19.9842,57.6142,78.01,80,0,3.0
467,Milkovo,RU,2021-01-28 20:13:07,54.7167,158.6167,-6.48,89,98,1.63
468,San Quintin,MX,2021-01-28 20:13:07,30.4833,-115.95,62.2,50,100,5.39
469,Yacuiba,BO,2021-01-28 20:13:08,-22.038,-63.6797,86.83,47,92,8.03
470,Ulladulla,AU,2021-01-28 20:13:08,-35.35,150.4667,64.4,100,90,2.3
471,Curup,ID,2021-01-28 20:13:08,-3.4667,102.5333,67.26,93,100,2.04
472,Codo,BR,2021-01-28 20:13:08,-4.4553,-43.8856,79.07,91,100,2.46
473,Ferreira Do Alentejo,PT,2021-01-28 20:13:08,38.05,-8.0333,53.6,100,90,3.44
474,Rosario,AR,2021-01-28 20:09:15,-32.9468,-60.6393,75.2,73,0,9.22
475,Rauma,FI,2021-01-28 20:13:08,61.1272,21.5113,19.4,93,100,4.61
476,Tucuman,AR,2021-01-28 20:12:44,-26.8241,-65.2226,93.2,43,75,4.61
477,College,US,2021-01-28 20:13:09,64.8569,-147.8028,-7.01,70,75,2.68
478,Ratholo,BW,2021-01-28 20:13:09,-22.7245,27.572,73.81,77,100,15.55
479,Rasht,IR,2021-01-28 20:13:09,37.2808,49.5832,58.8,44,4,9.35
480,Dudinka,RU,2021-01-28 20:12:56,69.4058,86.1778,-39.1,77,17,1.88
481,Vershino-Darasunskiy,RU,2021-01-28 20:13:09,52.35,115.5167,-25.44,89,100,1.52
482,Ilulissat,GL,2021-01-28 20:13:09,69.2167,-51.1,10.4,48,1,9.22
483,Cayenne,GF,2021-01-28 20:03:32,4.9333,-52.3333,84.2,65,75,10.36
484,Staryy Krym,UA,2021-01-28 20:13:10,45.0333,35.1,33.4,86,18,13.09
485,Canberra,AU,2021-01-28 20:10:52,-35.2835,149.1281,57.2,100,90,8.05
486,North Bend,US,2021-01-28 20:13:10,43.4065,-124.2243,48.0,87,20,3.44
487,Logansport,US,2021-01-28 20:13:10,40.7545,-86.3567,30.2,69,75,9.22
488,Port Hueneme,US,2021-01-28 20:13:10,34.1478,-119.1951,62.6,62,90,10.36
489,Ratlam,IN,2021-01-28 20:13:10,23.3167,75.0667,53.91,41,0,10.96
490,Conakry,GN,2021-01-28 20:09:56,9.538,-13.6773,79.84,75,15,11.72
491,Khani,GE,2021-01-28 20:13:11,41.9563,42.9566,44.6,93,90,5.75
492,Vostok,RU,2021-01-28 20:13:11,46.4856,135.8833,-6.11,92,100,4.29
493,Nieves,PH,2021-01-28 20:13:11,15.3274,120.9485,75.2,78,75,4.61
494,Fort Nelson,CA,2021-01-28 20:13:11,58.8053,-122.7002,-13.0,77,20,2.3
495,Balkanabat,TM,2021-01-28 20:13:11,39.5108,54.3671,54.48,37,21,9.51
496,Burns Lake,CA,2021-01-28 20:13:12,54.2331,-125.7533,-4.0,71,64,2.3
497,Andreyevo,RU,2021-01-28 20:13:12,55.9465,41.1505,27.72,98,100,7.67
498,Olavarria,AR,2021-01-28 20:13:12,-36.8927,-60.3225,87.8,15,100,9.22
499,Dunedin,NZ,2021-01-28 20:13:12,-45.8742,170.5036,51.01,68,88,8.01
500,Sakakah,SA,2021-01-28 20:13:12,29.9697,40.2064,57.2,38,0,3.44
501,Guerrero Negro,MX,2021-01-28 20:13:12,27.9769,-114.0611,70.34,23,0,4.34
502,Felipe Carrillo Puerto,MX,2021-01-28 20:13:12,19.5833,-88.05,86.38,50,10,6.78
503,Ciudad Bolivar,VE,2021-01-28 20:13:13,8.1222,-63.5497,91.58,35,87,11.97
504,Bismil,TR,2021-01-28 20:13:13,37.8486,40.6658,46.4,100,75,4.61
505,Hobyo,SO,2021-01-28 20:13:13,5.3505,48.5268,76.96,71,60,19.84
506,Kyren,RU,2021-01-28 20:13:13,51.6828,102.1408,5.74,87,100,0.89
507,Carlsbad,US,2021-01-28 20:10:18,33.1581,-117.3506,64.99,45,1,6.91
508,Dzaoudzi,YT,2021-01-28 20:13:13,-12.7887,45.2699,80.6,83,0,2.3
509,Brae,GB,2021-01-28 20:13:13,60.3964,-1.353,30.2,74,20,10.36
510,San Jeronimo,PE,2021-01-28 20:13:14,-11.9472,-75.2829,64.24,46,72,2.82
511,Islamkot,PK,2021-01-28 20:13:14,24.6997,70.177,58.24,29,0,7.02
512,Svetlogorsk,BY,2021-01-28 20:13:14,52.6333,29.7333,27.84,98,100,8.41
513,Vilhena,BR,2021-01-28 20:10:22,-12.7406,-60.1458,80.6,69,40,12.66
514,Dunda,TZ,2021-01-28 20:13:14,-8.1167,34.25,65.8,91,79,3.49
515,Ende,ID,2021-01-28 20:13:14,-8.8432,121.6623,79.09,80,100,6.38
516,Pingliang,CN,2021-01-28 20:13:14,35.5392,106.6861,28.27,75,0,1.14
517,Wamba,NG,2021-01-28 20:13:15,8.9333,8.6,79.11,16,100,4.56
518,Sikasso,ML,2021-01-28 20:13:15,10.9167,-7.0,79.68,15,2,3.65
519,Port Hardy,CA,2021-01-28 20:13:15,50.6996,-127.4199,42.8,81,20,4.61
520,Deputatskiy,RU,2021-01-28 20:13:15,69.3,139.9,-38.94,80,84,3.85
521,Raudeberg,NO,2021-01-28 20:13:15,61.9875,5.1352,32.0,77,100,21.45
522,Bakchar,RU,2021-01-28 20:13:15,57.0186,82.0711,23.0,97,100,11.88
523,Buritama,BR,2021-01-28 20:13:16,-21.0661,-50.1472,86.05,60,99,3.8
524,Sistranda,NO,2021-01-28 20:13:16,63.7256,8.834,26.6,93,75,21.85
525,Tambun,ID,2021-01-28 20:13:16,-6.2641,107.0712,77.0,94,75,5.75
526,Port-Gentil,GA,2021-01-28 20:03:27,-0.7193,8.7815,80.6,89,40,4.61
527,Uribia,CO,2021-01-28 20:13:16,11.7139,-72.266,88.25,47,28,21.32
528,Kupang,ID,2021-01-28 20:13:16,-10.1667,123.5833,80.06,83,100,13.0
529,Miyako,JP,2021-01-28 20:13:16,39.6367,141.9525,41.31,89,100,16.15
530,Plettenberg Bay,ZA,2021-01-28 20:03:23,-34.0527,23.3716,63.28,72,0,3.36
531,Tobermory,CA,2021-01-28 20:09:05,45.2501,-81.6665,15.8,79,100,23.02
532,Vaxjo,SE,2021-01-28 20:13:17,56.8777,14.8091,26.6,86,90,14.97
533,Salalah,OM,2021-01-28 20:13:17,17.0151,54.0924,71.6,60,40,1.14
534,Camana,PE,2021-01-28 20:03:28,-16.6228,-72.7111,75.54,58,0,7.4
535,Marsh Harbour,BS,2021-01-28 20:13:17,26.5412,-77.0636,67.55,65,49,31.74
536,Nara,JP,2021-01-28 20:13:17,34.6851,135.8049,37.0,39,27,5.01
537,Feijo,BR,2021-01-28 20:13:18,-8.1642,-70.3536,86.04,67,97,2.8
538,Zafra,ES,2021-01-28 20:13:18,38.4167,-6.4167,55.99,92,95,3.0
539,Linjiang,CN,2021-01-28 20:13:18,41.8069,126.9078,-6.29,85,100,3.22
540,Baruun-Urt,MN,2021-01-28 20:13:18,46.6806,113.2792,-7.91,87,55,12.97
541,Constitucion,CL,2021-01-28 20:03:37,-35.3333,-72.4167,66.56,68,100,12.35
542,Hualmay,PE,2021-01-28 20:13:18,-11.0964,-77.6139,76.06,65,5,11.77
543,Vila Do Maio,CV,2021-01-28 20:13:19,15.1333,-23.2167,73.4,64,0,17.27
544,Oranjemund,NA,2021-01-28 20:03:22,-28.55,16.4333,63.91,74,0,20.0
545,Xai-Xai,MZ,2021-01-28 20:13:19,-25.0519,33.6442,77.0,85,60,14.14
546,Progreso,MX,2021-01-28 20:13:19,21.2833,-89.6667,77.0,83,90,8.05
547,Nome,US,2021-01-28 20:13:19,64.5011,-165.4064,14.0,62,90,4.61
548,Rangapara,IN,2021-01-28 20:13:19,26.8167,92.65,58.28,62,0,3.13
549,Pastos Bons,BR,2021-01-28 20:13:19,-6.6017,-44.0767,85.28,67,94,3.18
550,Mangrol,IN,2021-01-28 20:13:20,21.1167,70.1167,63.12,32,0,14.67
551,Bururi,BI,2021-01-28 20:13:20,-3.85,29.6333,57.47,91,36,3.15
552,Boa Esperanca Do Sul,BR,2021-01-28 20:13:20,-21.9925,-48.3908,83.68,65,93,6.24
553,Chicama,PE,2021-01-28 20:13:20,-7.8447,-79.1469,73.4,73,0,8.05
