City_ID,City,Country,Lat,Lng,Max Temp,Humidity,Cloudiness,Wind Speed,Current Description,Date
0,Arraial Do Cabo,BR,-22.9661,-42.0278,91.4,57,0,20.71,clear sky,2021-01-28 20:07:50
1,Krasnoselkup,RU,65.7,82.4667,-32.85,80,100,14.83,overcast clouds,2021-01-28 20:13:52
2,Punta Arenas,CL,-53.15,-70.9167,48.2,57,75,23.02,broken clouds,2021-01-28 20:07:58
3,Novyy Urengoy,RU,66.0833,76.6333,-32.08,83,100,11.21,overcast clouds,2021-01-28 20:10:53
4,Nevers,FR,46.9167,3.3333,53.6,94,75,12.66,broken clouds,2021-01-28 20:13:53
5,Khatanga,RU,71.9667,102.5,-40.27,75,0,3.51,clear sky,2021-01-28 20:12:35
6,Kavieng,PG,-2.5744,150.7967,82.83,76,59,9.37,broken clouds,2021-01-28 20:13:00
7,Kurumkan,RU,54.3,110.3,-20.56,78,100,4.0,overcast clouds,2021-01-28 20:13:53
8,Kapaa,US,22.0752,-159.319,75.2,78,75,17.27,broken clouds,2021-01-28 20:12:02
9,Kijang,KR,35.2442,129.2139,24.8,33,0,14.97,clear sky,2021-01-28 20:13:54
10,Bredasdorp,ZA,-34.5322,20.0403,59.0,72,5,1.14,clear sky,2021-01-28 20:13:54
11,Taksimo,RU,56.3444,114.8794,-30.98,76,99,1.54,overcast clouds,2021-01-28 20:13:54
12,Ushuaia,AR,-54.8,-68.3,46.4,71,40,25.32,light rain,2021-01-28 20:12:43
13,Hilo,US,19.7297,-155.09,75.2,69,75,5.75,light rain,2021-01-28 20:12:14
14,Rikitea,PF,-23.1203,-134.9692,79.68,68,89,6.31,overcast clouds,2021-01-28 20:13:54
15,Albany,US,42.6001,-73.9662,24.01,48,36,5.01,scattered clouds,2021-01-28 20:13:54
16,Hobart,AU,-42.8794,147.3294,59.0,55,75,11.5,broken clouds,2021-01-28 20:12:09
17,Jinchang,CN,38.4953,102.1739,24.39,64,0,5.03,clear sky,2021-01-28 20:10:22
18,Ribeira Grande,PT,38.5167,-28.7,64.4,88,75,28.77,broken clouds,2021-01-28 20:09:18
19,Yellowknife,CA,62.456,-114.3525,-22.0,69,75,4.61,light snow,2021-01-28 20:13:55
20,Barrow,US,71.2906,-156.7887,-11.2,77,90,9.22,overcast clouds,2021-01-28 20:08:05
21,Cabatuan,PH,10.8794,122.486,72.64,88,47,13.73,scattered clouds,2021-01-28 20:13:55
22,Sitka,US,57.0531,-135.33,32.0,59,75,5.75,broken clouds,2021-01-28 20:13:56
23,Calama,CL,-22.4667,-68.9333,75.2,13,0,23.02,clear sky,2021-01-28 20:13:56
24,Manggar,ID,-2.8833,108.2667,77.07,88,99,8.72,overcast clouds,2021-01-28 20:13:07
25,Umm Lajj,SA,25.0213,37.2685,70.59,59,44,7.43,scattered clouds,2021-01-28 20:13:56
26,Leningradskiy,RU,69.3833,178.4167,-21.51,85,49,3.62,scattered clouds,2021-01-28 20:13:56
27,Mar Del Plata,AR,-38.0023,-57.5575,82.4,44,75,8.05,broken clouds,2021-01-28 20:08:39
28,Caravelas,BR,-17.7125,-39.2481,81.34,67,72,8.72,broken clouds,2021-01-28 20:13:56
29,Skelleftea,SE,64.7507,20.9528,5.0,92,37,5.75,scattered clouds,2021-01-28 20:13:56
30,Cayenne,GF,4.9333,-52.3333,84.2,65,75,10.36,broken clouds,2021-01-28 20:12:24
31,Puerto Ayora,EC,-0.7393,-90.3518,84.2,70,20,13.8,light rain,2021-01-28 20:13:57
32,Jamestown,US,42.097,-79.2353,17.01,79,90,17.27,light snow,2021-01-28 20:10:10
33,San Patricio,US,28.017,-97.5169,62.6,48,1,9.22,clear sky,2021-01-28 20:13:57
34,Yulin,CN,22.6333,110.15,56.14,47,34,5.46,scattered clouds,2021-01-28 20:13:57
35,Lerdo,MX,25.5333,-103.5333,68.0,28,75,4.61,broken clouds,2021-01-28 20:13:57
36,Gat,IL,31.61,34.7642,52.0,100,1,3.0,clear sky,2021-01-28 20:13:03
37,Sisimiut,GL,66.9395,-53.6735,9.99,79,0,10.87,clear sky,2021-01-28 20:13:57
38,Saskylakh,RU,71.9167,114.0833,-42.3,79,43,4.09,scattered clouds,2021-01-28 20:09:13
39,Necochea,AR,-38.5473,-58.7368,75.0,52,100,4.0,overcast clouds,2021-01-28 20:13:58
40,Severo-Kurilsk,RU,50.6789,156.125,27.72,94,59,13.8,light snow,2021-01-28 20:13:31
41,Maues,BR,-3.3836,-57.7186,80.31,93,100,3.36,overcast clouds,2021-01-28 20:13:58
42,Mataura,NZ,-46.1927,168.8643,48.0,80,87,8.01,overcast clouds,2021-01-28 20:08:12
43,Aklavik,CA,68.2191,-135.0107,-23.8,69,40,5.75,scattered clouds,2021-01-28 20:13:58
44,Yuryuzan,RU,54.8633,58.4219,23.29,90,100,4.52,overcast clouds,2021-01-28 20:13:59
45,Sattahip,TH,12.6664,100.9007,75.2,94,20,4.61,few clouds,2021-01-28 20:13:59
46,Busselton,AU,-33.65,115.3333,63.0,77,0,13.11,clear sky,2021-01-28 20:13:59
47,Chokurdakh,RU,70.6333,147.9167,-18.65,88,100,7.36,overcast clouds,2021-01-28 20:13:59
48,Manaure,CO,11.7751,-72.4445,85.82,54,52,18.57,broken clouds,2021-01-28 20:13:59
49,Itoman,JP,26.1247,127.6694,57.2,54,75,24.16,broken clouds,2021-01-28 20:12:42
50,Rajauri,IN,33.3833,74.3,42.96,52,0,4.76,clear sky,2021-01-28 20:13:59
51,Rio Gallegos,AR,-51.6226,-69.2181,50.0,71,75,18.41,light rain,2021-01-28 20:11:09
52,Kloulklubed,PW,7.0419,134.2556,77.0,94,90,8.05,overcast clouds,2021-01-28 20:14:00
53,Dingle,PH,10.9995,122.6711,72.12,90,37,9.1,scattered clouds,2021-01-28 20:14:00
54,Atuona,PF,-9.8,-139.0333,78.13,80,16,20.24,few clouds,2021-01-28 20:12:16
55,Nagymaros,HU,47.7928,18.9598,36.0,74,100,3.0,light snow,2021-01-28 20:12:08
56,Miri,MY,4.4148,114.0089,77.0,100,40,2.3,moderate rain,2021-01-28 20:14:00
57,Nouakchott,MR,18.0858,-15.9785,80.6,10,0,9.22,clear sky,2021-01-28 20:09:26
58,Ratnagiri,IN,16.9833,73.3,72.48,59,0,5.64,clear sky,2021-01-28 20:14:00
59,Broome,US,42.2506,-75.833,17.01,57,90,11.5,overcast clouds,2021-01-28 20:14:00
60,Kavaratti,IN,10.5669,72.642,80.08,72,64,7.9,broken clouds,2021-01-28 20:10:15
61,Qaanaaq,GL,77.484,-69.3632,-12.21,67,0,9.73,clear sky,2021-01-28 20:12:12
62,Mossendjo,CG,-2.9506,12.7261,71.1,96,100,0.92,light rain,2021-01-28 20:14:01
63,Fare,PF,-16.7,-151.0167,81.03,68,95,8.34,overcast clouds,2021-01-28 20:12:09
64,Sibolga,ID,1.7427,98.7792,74.26,74,100,4.05,overcast clouds,2021-01-28 20:12:39
65,Maceio,BR,-9.6658,-35.7353,78.8,83,75,10.36,broken clouds,2021-01-28 20:10:38
66,Victoria,HK,22.2855,114.1577,61.0,56,6,1.01,clear sky,2021-01-28 20:14:01
67,Dikson,RU,73.5069,80.5464,-31.94,79,65,5.1,broken clouds,2021-01-28 20:12:28
68,Tuktoyaktuk,CA,69.4541,-133.0374,-34.6,74,1,10.36,clear sky,2021-01-28 20:09:34
69,Palmer,US,42.1584,-72.3287,30.99,50,20,18.41,few clouds,2021-01-28 20:14:02
70,Aykhal,RU,66.0,111.5,-36.87,80,56,5.82,broken clouds,2021-01-28 20:08:33
71,Berdigestyakh,RU,62.0989,126.6992,-44.28,77,100,1.86,overcast clouds,2021-01-28 20:12:44
72,Butaritari,KI,3.0707,172.7902,80.85,80,93,18.77,overcast clouds,2021-01-28 20:12:17
73,Champerico,GT,14.3,-91.9167,93.2,46,40,6.91,scattered clouds,2021-01-28 20:12:00
74,Rocha,UY,-34.4833,-54.3333,86.68,30,61,13.67,broken clouds,2021-01-28 20:14:02
75,Saldanha,ZA,-33.0117,17.9442,62.6,67,0,4.61,clear sky,2021-01-28 20:12:54
76,San Carlos De Bariloche,AR,-41.1456,-71.3082,66.0,44,75,20.71,light rain,2021-01-28 20:10:26
77,Bluff,NZ,-46.6,168.3333,48.0,80,100,8.01,overcast clouds,2021-01-28 20:14:03
78,Provideniya,RU,64.3833,-173.3,1.2,84,100,18.25,overcast clouds,2021-01-28 20:12:11
79,Balikpapan,ID,-1.2675,116.8289,73.63,88,100,5.44,overcast clouds,2021-01-28 20:14:03
80,Vaini,TO,-21.2,-175.2,78.8,94,90,18.41,moderate rain,2021-01-28 20:12:01
81,Coahuayana,MX,18.7333,-103.6833,86.0,48,40,7.78,scattered clouds,2021-01-28 20:14:03
82,Neepawa,CA,50.2289,-99.4664,6.8,78,90,16.11,snow,2021-01-28 20:14:03
83,Pozo Colorado,PY,-23.4923,-58.7972,92.07,46,61,5.19,broken clouds,2021-01-28 20:14:04
84,Tiksi,RU,71.6872,128.8694,-20.38,87,100,6.06,overcast clouds,2021-01-28 20:12:19
85,Tonj,SS,7.2737,28.6822,80.89,31,11,3.4,few clouds,2021-01-28 20:09:04
86,Te Anau,NZ,-45.4167,167.7167,44.13,83,92,2.42,overcast clouds,2021-01-28 20:14:04
87,Cairns,AU,-16.9167,145.7667,75.2,94,75,10.36,light rain,2021-01-28 20:14:04
88,Conceicao Do Araguaia,BR,-8.2578,-49.2647,82.02,82,99,3.87,overcast clouds,2021-01-28 20:14:04
89,Zhigansk,RU,66.7697,123.3711,-52.96,74,56,5.14,broken clouds,2021-01-28 20:14:04
90,Inta,RU,66.0317,60.1659,-26.68,85,71,5.32,broken clouds,2021-01-28 20:14:05
91,Rawson,AR,-43.3002,-65.1023,72.97,24,46,17.85,scattered clouds,2021-01-28 20:12:45
92,Saint-Philippe,RE,-21.3585,55.7679,78.8,69,0,6.91,light rain,2021-01-28 20:12:55
93,Farim,GW,12.4839,-15.2217,86.0,37,0,0.76,clear sky,2021-01-28 20:14:05
94,Lerwick,GB,60.1545,-1.1494,30.2,74,20,10.36,few clouds,2021-01-28 20:14:05
95,Cabo San Lucas,MX,22.8909,-109.9124,78.8,24,40,4.61,scattered clouds,2021-01-28 20:14:05
96,Broken Hill,AU,-31.95,141.4333,73.4,88,8,9.22,clear sky,2021-01-28 20:14:05
97,Bay Roberts,CA,47.5999,-53.2648,26.6,93,90,13.8,light snow,2021-01-28 20:14:06
98,Upernavik,GL,72.7868,-56.1549,-12.01,88,70,11.01,broken clouds,2021-01-28 20:12:20
99,Vila Franca Do Campo,PT,37.7167,-25.4333,64.0,94,75,19.57,broken clouds,2021-01-28 20:14:06
100,Lavrentiya,RU,65.5833,-171.0,-8.18,85,100,13.27,overcast clouds,2021-01-28 20:14:06
101,Faanui,PF,-16.4833,-151.75,81.43,68,84,8.79,broken clouds,2021-01-28 20:14:06
102,Morgan City,US,29.6994,-91.2068,60.01,54,1,11.5,clear sky,2021-01-28 20:14:06
103,Bathsheba,BB,13.2167,-59.5167,82.4,61,75,16.11,broken clouds,2021-01-28 20:14:07
104,Gumdag,TM,39.2061,54.5906,44.74,58,0,16.58,clear sky,2021-01-28 20:14:07
105,Aitape,PG,-3.1374,142.3475,77.81,83,92,3.38,overcast clouds,2021-01-28 20:14:07
106,Adrar,MR,20.5022,-10.0711,70.52,23,0,9.73,clear sky,2021-01-28 20:14:07
107,Juan Lacaze,UY,-34.4342,-57.4381,82.99,69,75,5.75,light rain,2021-01-28 20:14:07
108,Touros,BR,-5.1989,-35.4608,82.4,65,20,17.27,few clouds,2021-01-28 20:12:49
109,Hofn,IS,64.2539,-15.2082,32.0,59,75,8.05,broken clouds,2021-01-28 20:14:08
110,Ravensburg,DE,47.7833,9.6167,45.0,93,90,10.36,overcast clouds,2021-01-28 20:14:08
111,Narbonne,FR,43.0833,2.8333,57.0,69,85,3.0,overcast clouds,2021-01-28 20:14:08
112,Lompoc,US,34.6391,-120.4579,51.8,87,90,6.91,mist,2021-01-28 20:12:43
113,La Asuncion,VE,11.0333,-63.8628,79.48,74,19,11.12,few clouds,2021-01-28 20:14:08
114,Gazimurskiy Zavod,RU,51.5461,118.3266,-20.09,85,100,3.15,overcast clouds,2021-01-28 20:14:08
115,Svitavy,CZ,49.7559,16.4683,34.0,59,100,3.83,light rain,2021-01-28 20:14:09
116,Pouebo,NC,-20.4,164.5667,78.62,80,30,14.36,scattered clouds,2021-01-28 20:14:09
117,Port Elizabeth,ZA,-33.918,25.5701,60.8,88,40,4.61,scattered clouds,2021-01-28 20:12:02
118,Kodiak,US,57.79,-152.4072,35.6,80,90,13.8,light rain,2021-01-28 20:09:57
119,Laguna,US,38.421,-121.4238,48.99,93,90,6.91,moderate rain,2021-01-28 20:14:09
120,Lebu,CL,-37.6167,-73.65,61.77,83,98,8.55,overcast clouds,2021-01-28 20:12:44
121,Asau,RO,46.4333,26.4,30.0,74,0,1.14,clear sky,2021-01-28 20:09:37
122,Nalut,LY,30.3333,10.85,53.8,47,0,7.18,clear sky,2021-01-28 20:14:10
123,Tonantins,BR,-2.8731,-67.8022,83.48,83,100,3.0,overcast clouds,2021-01-28 20:14:10
124,Palasa,IN,18.7667,84.4167,67.91,85,0,2.37,clear sky,2021-01-28 20:14:10
125,Hermanus,ZA,-34.4187,19.2345,60.01,84,4,6.35,clear sky,2021-01-28 20:12:08
126,Georgetown,MY,5.4112,100.3354,78.8,94,20,6.33,few clouds,2021-01-28 20:07:24
127,Hithadhoo,MV,-0.6,73.0833,81.68,70,100,10.22,moderate rain,2021-01-28 20:07:54
128,Kasama,ZM,-10.2129,31.1808,63.41,94,99,3.56,overcast clouds,2021-01-28 20:14:11
129,New Norfolk,AU,-42.7826,147.0587,57.99,58,97,3.0,overcast clouds,2021-01-28 20:14:11
130,Pudem,RU,58.3044,52.1675,18.75,97,100,5.61,light snow,2021-01-28 20:14:11
131,Bethel,US,41.3712,-73.414,28.4,43,1,18.41,clear sky,2021-01-28 20:12:17
132,Airai,TL,-8.9266,125.4092,61.81,100,100,4.47,overcast clouds,2021-01-28 20:14:11
133,Port Alfred,ZA,-33.5906,26.891,66.99,76,0,4.0,clear sky,2021-01-28 20:08:03
134,Semirom,IR,31.4167,51.5667,35.31,73,1,6.22,clear sky,2021-01-28 20:14:11
135,Castro,BR,-24.7911,-50.0119,70.81,90,100,5.21,overcast clouds,2021-01-28 20:12:14
136,Kemin,KG,42.7846,75.6892,25.9,76,0,5.75,clear sky,2021-01-28 20:14:12
137,Dindori,IN,22.95,81.0833,57.76,49,56,4.47,broken clouds,2021-01-28 20:14:12
138,Olafsvik,IS,64.8945,-23.7142,28.85,86,41,4.25,scattered clouds,2021-01-28 20:14:12
139,Hokitika,NZ,-42.7167,170.9667,53.65,57,0,4.25,clear sky,2021-01-28 20:14:12
140,Sarangani,PH,5.4033,125.4636,81.01,73,89,6.42,overcast clouds,2021-01-28 20:14:13
141,Shimoda,JP,34.6667,138.95,39.0,79,25,3.0,scattered clouds,2021-01-28 20:14:13
142,Norfolk,US,42.1668,-71.2495,33.01,74,90,9.22,light snow,2021-01-28 20:13:08
143,Paamiut,GL,61.994,-49.6678,33.12,83,54,5.99,broken clouds,2021-01-28 20:14:13
144,Nambucca Heads,AU,-30.65,153.0,71.01,94,75,3.44,broken clouds,2021-01-28 20:14:13
145,Mihai Bravu,RO,44.1406,26.0628,28.99,80,2,11.77,clear sky,2021-01-28 20:12:49
146,Sambava,MG,-14.2667,50.1667,79.23,81,18,3.58,light rain,2021-01-28 20:14:13
147,Hasaki,JP,35.7333,140.8333,37.4,93,75,4.61,broken clouds,2021-01-28 20:13:05
148,Maniitsoq,GL,65.4167,-52.9,25.56,79,0,6.53,clear sky,2021-01-28 20:14:14
149,Dalbandin,PK,28.8947,64.4101,46.35,38,3,3.53,clear sky,2021-01-28 20:14:14
150,Gravelbourg,CA,49.8834,-106.5512,17.6,67,33,9.22,scattered clouds,2021-01-28 20:14:14
151,Komsomolskiy,UZ,40.4272,71.7189,30.2,59,0,6.91,clear sky,2021-01-28 20:07:40
152,Chuy,UY,-33.6971,-53.4616,77.88,53,81,12.26,broken clouds,2021-01-28 20:14:14
153,Parfenyevo,RU,58.484,43.4088,27.72,98,100,7.02,overcast clouds,2021-01-28 20:14:14
154,Luderitz,NA,-26.6481,15.1594,72.07,47,0,24.67,clear sky,2021-01-28 20:14:15
155,San Benedetto Del Tronto,IT,42.9456,13.8816,39.99,63,100,4.7,overcast clouds,2021-01-28 20:13:38
156,Imamoglu,TR,37.2651,35.6572,55.0,71,75,2.37,broken clouds,2021-01-28 20:14:15
157,Ostrovnoy,RU,68.0531,39.5131,-2.07,90,92,12.62,overcast clouds,2021-01-28 20:14:15
158,Shepetivka,UA,50.1855,27.0637,24.82,95,99,8.1,overcast clouds,2021-01-28 20:14:15
159,Pevek,RU,69.7008,170.3133,-19.7,85,28,1.23,scattered clouds,2021-01-28 20:12:17
160,Nouadhibou,MR,20.931,-17.0347,71.19,55,0,15.79,clear sky,2021-01-28 20:09:30
161,Izberbash,RU,42.5696,47.8645,42.8,75,100,11.18,overcast clouds,2021-01-28 20:14:16
162,Kopervik,NO,59.2835,5.3067,32.0,69,40,11.5,scattered clouds,2021-01-28 20:11:45
163,Dolzhanskaya,RU,46.6311,37.8039,34.0,81,0,18.01,clear sky,2021-01-28 20:14:16
164,Tura,IN,25.5198,90.2201,58.48,59,0,3.11,clear sky,2021-01-28 20:12:00
165,Manjeshwar,IN,12.7194,74.8861,75.2,83,93,4.94,overcast clouds,2021-01-28 20:14:16
166,North Platte,US,41.1239,-100.7654,19.4,73,1,9.22,clear sky,2021-01-28 20:14:16
167,Mahebourg,MU,-20.4081,57.7,75.2,94,75,5.75,light rain,2021-01-28 20:14:16
168,Mahajanga,MG,-15.7167,46.3167,82.4,83,20,5.75,few clouds,2021-01-28 20:12:22
169,Shingu,JP,33.7333,135.9833,34.59,84,1,20.04,clear sky,2021-01-28 20:09:13
170,Longyearbyen,SJ,78.2186,15.6401,-2.2,55,20,27.63,few clouds,2021-01-28 20:14:17
171,Gizo,SB,-8.103,156.8419,83.7,76,100,15.7,moderate rain,2021-01-28 20:13:02
172,Kabompo,ZM,-13.5927,24.2008,66.31,90,100,1.77,overcast clouds,2021-01-28 20:14:17
173,Kutum,SD,14.2,24.6667,62.37,23,64,13.71,broken clouds,2021-01-28 20:14:17
174,Souillac,MU,-20.5167,57.5167,75.2,94,75,5.75,light rain,2021-01-28 20:14:17
175,Cherskiy,RU,68.75,161.3,-27.78,85,93,2.89,overcast clouds,2021-01-28 20:14:18
176,Sao Joao Da Barra,BR,-21.6403,-41.0511,86.0,58,0,16.11,clear sky,2021-01-28 20:13:02
177,Naryan-Mar,RU,67.6713,53.087,-30.8,84,0,7.87,clear sky,2021-01-28 20:14:18
178,Los Llanos De Aridane,ES,28.6585,-17.9182,66.99,88,75,3.44,broken clouds,2021-01-28 20:14:18
179,Bengkulu,ID,-3.8004,102.2655,75.07,90,98,9.1,overcast clouds,2021-01-28 20:14:18
180,Fairbanks,US,64.8378,-147.7164,-7.01,77,20,2.53,few clouds,2021-01-28 20:14:18
181,Taoudenni,ML,22.6783,-3.9836,71.78,22,0,15.52,clear sky,2021-01-28 20:08:20
182,Carnarvon,AU,-24.8667,113.6333,73.4,88,0,13.8,clear sky,2021-01-28 20:14:19
183,Pangnirtung,CA,66.1451,-65.7125,-7.6,84,1,8.05,clear sky,2021-01-28 20:14:19
184,Karratha,AU,-20.7377,116.8463,83.48,71,0,10.4,light rain,2021-01-28 20:14:19
185,Conde,BR,-7.2597,-34.9075,82.4,69,20,11.5,few clouds,2021-01-28 20:14:19
186,Haga,NL,52.0767,4.2986,46.0,100,90,4.61,mist,2021-01-28 20:10:30
187,Ishigaki,JP,24.3448,124.1572,57.94,75,34,32.17,scattered clouds,2021-01-28 20:14:19
188,Monster,NL,52.0258,4.175,46.0,100,90,4.61,mist,2021-01-28 20:14:20
189,Pobe,BJ,6.9801,2.6649,79.61,77,6,8.97,clear sky,2021-01-28 20:14:20
190,Hamilton,US,39.1834,-84.5333,30.99,51,90,9.22,overcast clouds,2021-01-28 20:14:20
191,Jamtara,IN,23.95,86.8,53.58,39,0,6.17,clear sky,2021-01-28 20:14:20
192,Gibara,CU,21.1097,-76.1317,87.8,35,40,9.22,scattered clouds,2021-01-28 20:14:20
193,Pirai Do Sul,BR,-24.5261,-49.9486,75.0,99,100,1.99,light rain,2021-01-28 20:14:20
194,Kabwe,ZM,-14.4469,28.4464,65.98,90,98,3.13,overcast clouds,2021-01-28 20:13:19
195,Mogadishu,SO,2.0371,45.3438,77.31,79,0,23.24,clear sky,2021-01-28 20:13:35
196,Kendari,ID,-3.945,122.4989,74.26,94,100,0.58,overcast clouds,2021-01-28 20:14:21
197,Coolum Beach,AU,-26.5333,153.1,77.0,84,27,1.01,scattered clouds,2021-01-28 20:14:21
198,Dossor,KZ,47.5272,52.9811,35.87,81,100,24.38,overcast clouds,2021-01-28 20:14:21
199,General Roca,AR,-39.0333,-67.5833,73.4,31,0,5.75,clear sky,2021-01-28 20:14:21
200,Avarua,CK,-21.2078,-159.775,84.2,70,20,13.8,few clouds,2021-01-28 20:07:15
201,Sungai Besar,MY,3.6746,100.9867,75.2,94,20,4.83,few clouds,2021-01-28 20:11:18
202,Saint George,US,37.1041,-113.5841,54.0,35,1,13.8,clear sky,2021-01-28 20:14:22
203,Killarney,IE,52.05,-9.5167,50.0,81,75,10.36,light rain,2021-01-28 20:14:22
204,Tuatapere,NZ,-46.1333,167.6833,48.0,80,91,8.01,overcast clouds,2021-01-28 20:14:22
205,Marsaxlokk,MT,35.8419,14.5431,57.99,88,75,9.22,broken clouds,2021-01-28 20:14:22
206,Lake Havasu City,US,34.4839,-114.3224,57.99,41,1,7.92,clear sky,2021-01-28 20:14:22
207,Brae,GB,60.3964,-1.353,30.2,74,20,10.36,light snow,2021-01-28 20:13:13
208,Alihe,CN,50.5667,123.7167,-26.46,80,49,2.68,scattered clouds,2021-01-28 20:14:23
209,Chernyshevskiy,RU,63.0128,112.4714,-43.87,81,91,3.09,overcast clouds,2021-01-28 20:14:23
210,Byron Bay,AU,-28.65,153.6167,75.2,73,40,8.05,scattered clouds,2021-01-28 20:14:23
211,Nanortalik,GL,60.1432,-45.2371,30.92,92,100,4.56,overcast clouds,2021-01-28 20:08:06
212,Saint Anthony,US,45.0205,-93.218,21.99,58,75,11.5,broken clouds,2021-01-28 20:14:23
213,Kieta,PG,-6.2167,155.6333,81.05,82,100,12.55,overcast clouds,2021-01-28 20:14:23
214,Okhotsk,RU,59.3833,143.3,-12.93,78,0,7.36,clear sky,2021-01-28 20:14:23
215,Pyaozerskiy,RU,65.8333,31.1667,11.28,95,100,11.07,light snow,2021-01-28 20:14:24
216,Ponta Do Sol,PT,32.6667,-17.1,60.01,77,46,1.99,scattered clouds,2021-01-28 20:14:24
217,Kanakapura,IN,12.55,77.4167,64.02,88,1,7.61,clear sky,2021-01-28 20:14:24
218,Kisaran,ID,2.9845,99.6158,72.19,92,100,2.1,heavy intensity rain,2021-01-28 20:14:24
219,Dharan,NP,26.8125,87.2835,56.37,58,0,5.37,clear sky,2021-01-28 20:13:07
220,Witu,KE,-2.3889,40.4382,78.8,83,20,4.61,few clouds,2021-01-28 20:14:24
221,Raga,SS,8.4596,25.678,77.14,21,10,3.62,clear sky,2021-01-28 20:14:25
222,Dickinson,US,29.4608,-95.0513,60.01,38,1,3.44,clear sky,2021-01-28 20:12:54
223,Anadyr,RU,64.75,177.4833,5.0,78,75,11.18,heavy snow,2021-01-28 20:14:25
224,Zilupe,LV,56.3862,28.1217,29.66,99,100,2.93,light snow,2021-01-28 20:14:25
225,Nuuk,GL,64.1835,-51.7216,30.2,59,20,17.27,few clouds,2021-01-28 20:11:09
226,Matara,LK,5.9485,80.5353,76.96,84,9,4.05,clear sky,2021-01-28 20:14:25
227,Tezu,IN,27.9167,96.1667,58.8,32,0,4.38,clear sky,2021-01-28 20:14:26
228,Yumen,CN,40.2833,97.2,21.69,73,0,14.23,clear sky,2021-01-28 20:12:52
229,Puerto Carreno,CO,6.189,-67.4859,92.95,36,100,14.38,overcast clouds,2021-01-28 20:12:36
230,Ballina,AU,-28.8667,153.5667,75.2,73,40,8.05,scattered clouds,2021-01-28 20:14:26
231,Severo-Yeniseyskiy,RU,60.3725,93.0408,-38.02,81,86,3.47,overcast clouds,2021-01-28 20:14:26
232,Constitucion,CL,-35.3333,-72.4167,66.56,68,100,12.35,overcast clouds,2021-01-28 20:14:26
233,Andenes,NO,69.3143,16.1194,23.0,68,0,18.41,clear sky,2021-01-28 20:14:26
234,Kruisfontein,ZA,-34.0033,24.7314,64.0,78,0,0.74,clear sky,2021-01-28 20:12:45
235,Zhigalovo,RU,54.8097,105.1578,-30.01,80,47,4.27,scattered clouds,2021-01-28 20:14:27
236,Haines Junction,CA,60.7522,-137.5108,-22.0,76,100,1.54,overcast clouds,2021-01-28 20:08:28
237,Turan,VN,16.0678,108.2208,64.4,94,20,2.3,mist,2021-01-28 20:14:27
238,Kulhudhuffushi,MV,6.6221,73.07,81.05,59,3,6.06,clear sky,2021-01-28 20:12:42
239,Majene,ID,-3.5403,118.9707,79.48,74,100,8.99,light rain,2021-01-28 20:14:27
240,Ancud,CL,-41.8697,-73.8203,66.0,77,75,6.91,broken clouds,2021-01-28 20:14:28
241,Grand-Lahou,CI,5.1367,-5.0242,79.39,82,58,8.55,broken clouds,2021-01-28 20:14:28
242,Port Shepstone,ZA,-30.7414,30.455,69.37,82,20,2.39,few clouds,2021-01-28 20:14:28
243,Cape Town,ZA,-33.9258,18.4232,68.0,68,0,9.22,clear sky,2021-01-28 20:14:27
244,Geraldton,AU,-28.7667,114.6,68.0,73,0,10.36,clear sky,2021-01-28 20:12:52
245,Coralville,US,41.6764,-91.5805,23.0,63,1,6.91,clear sky,2021-01-28 20:10:56
246,Berlevag,NO,70.8578,29.0864,21.2,73,0,18.41,clear sky,2021-01-28 20:10:00
247,Marfino,RU,55.7028,37.3822,34.0,100,90,11.18,light snow,2021-01-28 20:14:28
248,Sabang,ID,5.8933,95.3214,81.52,76,100,13.56,overcast clouds,2021-01-28 20:14:29
249,Cidreira,BR,-30.1811,-50.2056,73.89,89,100,10.51,light rain,2021-01-28 20:14:29
250,Tanete,ID,-3.9443,119.7848,74.3,90,100,1.66,overcast clouds,2021-01-28 20:14:29
251,Hunchun,CN,42.8675,130.3581,-2.2,74,47,19.35,scattered clouds,2021-01-28 20:14:29
252,Bambanglipuro,ID,-7.95,110.2833,77.22,85,100,6.76,overcast clouds,2021-01-28 20:12:11
253,Talcahuano,CL,-36.7167,-73.1167,64.4,77,90,13.8,overcast clouds,2021-01-28 20:14:29
254,Torbay,CA,47.6666,-52.7314,27.0,93,90,11.5,light snow,2021-01-28 20:08:48
255,Klaksvik,FO,62.2266,-6.589,32.0,64,0,12.66,clear sky,2021-01-28 20:14:30
256,Colares,PT,38.7992,-9.4469,57.99,100,64,4.07,broken clouds,2021-01-28 20:14:30
257,Egvekinot,RU,66.3167,-179.1667,-16.89,85,99,21.99,overcast clouds,2021-01-28 20:14:30
258,Sorland,NO,67.667,12.6934,32.0,69,75,17.27,broken clouds,2021-01-28 20:09:38
259,Panzhihua,CN,26.5851,101.7128,41.0,71,0,1.23,clear sky,2021-01-28 20:14:30
260,Vila Velha,BR,-20.3297,-40.2925,84.2,65,0,18.41,clear sky,2021-01-28 20:14:30
261,Darhan,MN,49.4867,105.9228,-0.67,84,30,2.55,scattered clouds,2021-01-28 20:14:30
262,Clyde River,CA,70.4692,-68.5914,-18.4,76,40,5.75,scattered clouds,2021-01-28 20:14:31
263,Fairview,US,40.8126,-73.999,33.8,34,1,10.36,clear sky,2021-01-28 20:14:31
264,Bilibino,RU,68.0546,166.4372,-18.35,81,100,7.63,overcast clouds,2021-01-28 20:08:18
265,Ambovombe,MG,-25.1667,46.0833,78.12,87,58,11.1,broken clouds,2021-01-28 20:14:31
266,Guerrero Negro,MX,27.9769,-114.0611,70.34,23,0,4.34,clear sky,2021-01-28 20:13:12
267,Puro,PH,12.4841,123.3827,76.69,76,99,15.7,overcast clouds,2021-01-28 20:12:47
268,Ambon,ID,-3.6954,128.1814,81.0,90,94,17.54,overcast clouds,2021-01-28 20:14:32
269,Talnakh,RU,69.4865,88.3972,-33.38,74,0,5.46,clear sky,2021-01-28 20:14:32
270,East London,ZA,-33.0153,27.9116,69.89,75,61,9.57,broken clouds,2021-01-28 20:07:25
271,Roma,US,43.2128,-75.4557,19.0,67,90,17.27,light snow,2021-01-28 20:10:05
272,Redmond,US,47.674,-122.1215,44.01,94,100,0.69,moderate rain,2021-01-28 20:11:46
273,Olavarria,AR,-36.8927,-60.3225,87.8,15,100,9.22,overcast clouds,2021-01-28 20:13:12
274,San Matias,BO,-16.3667,-58.4,85.51,67,79,6.87,broken clouds,2021-01-28 20:14:33
275,High Prairie,CA,55.4334,-116.4858,-4.0,77,78,1.14,broken clouds,2021-01-28 20:14:33
276,Abu Dhabi,AE,24.4667,54.3667,68.0,77,0,3.44,clear sky,2021-01-28 20:11:04
277,Bartlesville,US,36.7473,-95.9808,39.0,65,3,1.99,clear sky,2021-01-28 20:14:33
278,Tasiilaq,GL,65.6145,-37.6368,28.4,86,90,18.41,snow,2021-01-28 20:14:33
279,Vaitape,PF,-16.5167,-151.75,81.46,67,88,8.7,overcast clouds,2021-01-28 20:14:33
280,Yenagoa,NG,4.9247,6.2642,78.84,84,99,7.47,overcast clouds,2021-01-28 20:14:33
281,Jeremie,HT,18.65,-74.1167,78.73,71,21,6.4,few clouds,2021-01-28 20:14:34
282,Bambous Virieux,MU,-20.3428,57.7575,78.01,94,75,5.75,broken clouds,2021-01-28 20:14:34
283,Gladstone,AU,-23.85,151.25,73.4,83,16,8.05,few clouds,2021-01-28 20:14:34
284,New Delhi,IN,28.6128,77.2311,50.0,87,0,2.98,fog,2021-01-28 20:14:34
285,Sept-Iles,CA,50.2001,-66.3821,21.2,53,32,5.75,scattered clouds,2021-01-28 20:08:52
286,Ulaangom,MN,49.9811,92.0667,-14.33,87,36,1.14,scattered clouds,2021-01-28 20:14:34
287,Vardo,NO,70.3705,31.1107,23.0,74,75,25.32,broken clouds,2021-01-28 20:14:34
288,Tuni,IN,17.35,82.55,70.47,88,21,3.85,few clouds,2021-01-28 20:14:35
289,Stornoway,GB,58.2093,-6.3865,37.4,93,90,21.85,overcast clouds,2021-01-28 20:14:35
290,Roros,NO,62.5747,11.3842,3.2,78,90,1.14,fog,2021-01-28 20:14:35
291,Hualmay,PE,-11.0964,-77.6139,76.06,65,5,11.77,clear sky,2021-01-28 20:13:18
292,Teya,RU,60.3778,92.6267,-34.62,77,95,3.02,overcast clouds,2021-01-28 20:14:35
293,Nishihara,JP,26.1842,127.7558,57.2,44,75,21.85,broken clouds,2021-01-28 20:13:01
294,Mersin,TR,36.862,34.6509,48.2,71,75,2.3,broken clouds,2021-01-28 20:14:36
295,College,US,64.8569,-147.8028,-7.01,70,75,2.68,broken clouds,2021-01-28 20:13:09
296,Borovoy,RU,55.4333,86.0833,23.0,80,90,15.66,snow,2021-01-28 20:14:36
297,Gbarnga,LR,6.9956,-9.4722,79.59,67,21,5.57,few clouds,2021-01-28 20:14:36
298,Alice Springs,AU,-23.7,133.8833,80.6,47,75,3.44,broken clouds,2021-01-28 20:09:11
299,Bardiyah,LY,31.7561,25.0865,54.28,70,48,19.64,scattered clouds,2021-01-28 20:14:36
300,Paka,MY,4.6374,103.4368,75.2,94,100,1.14,overcast clouds,2021-01-28 20:14:37
301,Sukhodol,RU,53.9006,51.2117,19.69,96,100,12.01,overcast clouds,2021-01-28 20:14:37
302,Zyryanka,RU,65.75,150.85,-23.46,86,100,10.22,overcast clouds,2021-01-28 20:14:37
303,Tautira,PF,-17.7333,-149.15,86.0,58,75,5.75,broken clouds,2021-01-28 20:14:37
304,Havoysund,NO,70.9963,24.6622,24.8,67,75,18.41,broken clouds,2021-01-28 20:14:37
305,Iqaluit,CA,63.7506,-68.5145,-11.2,70,1,27.63,snow,2021-01-28 20:13:53
306,Lorengau,PG,-2.0226,147.2712,81.07,77,97,4.94,overcast clouds,2021-01-28 20:12:20
307,Calabozo,VE,8.9242,-67.4293,94.57,30,0,7.81,clear sky,2021-01-28 20:14:38
308,Kragero,NO,58.8693,9.4149,16.0,90,0,1.99,clear sky,2021-01-28 20:14:38
309,Narsaq,GL,60.9167,-46.05,44.6,31,75,24.16,broken clouds,2021-01-28 20:14:38
310,Ambilobe,MG,-13.2,49.05,76.15,88,94,1.88,light rain,2021-01-28 20:14:38
311,Kismayo,SO,-0.3582,42.5454,77.76,83,0,14.0,clear sky,2021-01-28 20:14:38
312,Najran,SA,17.4924,44.1277,66.2,24,0,4.61,clear sky,2021-01-28 20:12:40
313,Codrington,AU,-38.2667,141.9667,65.23,94,100,12.17,light rain,2021-01-28 20:12:20
314,Sol-Iletsk,RU,51.1631,54.9918,19.35,93,100,13.91,overcast clouds,2021-01-28 20:14:39
315,Murray Bridge,AU,-35.1167,139.2667,61.0,92,36,7.83,scattered clouds,2021-01-28 20:14:39
316,Garden City,US,42.3256,-83.331,25.0,58,90,10.36,overcast clouds,2021-01-28 20:14:39
317,Imbituba,BR,-28.24,-48.6703,78.8,89,75,10.36,heavy intensity rain,2021-01-28 20:11:37
318,Thanh Hoa,VN,19.8,105.7667,58.33,82,1,1.23,clear sky,2021-01-28 20:14:26
319,Grindavik,IS,63.8424,-22.4338,24.8,68,0,2.3,clear sky,2021-01-28 20:14:40
320,Ingham,US,42.6,-84.3833,23.0,58,90,10.36,overcast clouds,2021-01-28 20:14:40
321,Mana,GF,5.6592,-53.7767,79.48,72,82,9.64,broken clouds,2021-01-28 20:14:40
322,Pacific Grove,US,36.6177,-121.9166,55.4,71,75,8.05,broken clouds,2021-01-28 20:13:46
323,Deniliquin,AU,-35.5333,144.9667,64.0,83,100,1.01,overcast clouds,2021-01-28 20:14:40
324,Bestobe,KZ,52.4994,73.0975,21.65,93,100,19.84,overcast clouds,2021-01-28 20:14:40
325,Ixtapa,MX,20.7,-105.2,80.6,54,75,9.22,broken clouds,2021-01-28 20:14:41
326,Coquimbo,CL,-29.9533,-71.3436,66.2,68,0,11.5,clear sky,2021-01-28 20:10:17
327,Kawambwa,ZM,-9.7915,29.0791,64.11,91,98,2.8,overcast clouds,2021-01-28 20:14:41
328,Paracuru,BR,-3.41,-39.0306,82.0,76,93,15.99,overcast clouds,2021-01-28 20:12:17
329,Mattru,SL,7.6244,-11.8332,79.25,71,0,5.3,clear sky,2021-01-28 20:14:41
330,Pushkino,RU,56.0172,37.8667,32.0,100,90,13.42,light snow,2021-01-28 20:14:41
331,Ilulissat,GL,69.2167,-51.1,10.4,48,1,9.22,clear sky,2021-01-28 20:13:09
332,Hailar,CN,49.2,119.7,-20.99,85,100,8.12,overcast clouds,2021-01-28 20:14:42
333,Abu Kamal,SY,34.4506,40.9171,52.54,64,32,0.43,scattered clouds,2021-01-28 20:12:06
334,Thompson,CA,55.7435,-97.8558,-4.0,84,75,4.61,broken clouds,2021-01-28 20:14:42
335,Opuwo,NA,-18.0607,13.84,72.3,68,100,9.89,light rain,2021-01-28 20:14:42
336,Willmar,US,45.1219,-95.0433,21.2,79,90,18.41,haze,2021-01-28 20:14:42
337,Vasteras,SE,59.6162,16.5528,26.6,86,90,14.97,light snow,2021-01-28 20:14:43
338,Diamantina,BR,-18.2494,-43.6003,73.87,57,41,7.96,scattered clouds,2021-01-28 20:14:43
339,Saint-Francois,FR,46.4154,3.9054,53.6,87,90,5.75,overcast clouds,2021-01-28 20:14:43
340,Alofi,NU,-19.0595,-169.9187,77.0,94,90,10.36,moderate rain,2021-01-28 20:14:43
341,Ahipara,NZ,-35.1667,173.1667,62.74,66,62,15.95,broken clouds,2021-01-28 20:14:43
342,Hobyo,SO,5.3505,48.5268,76.96,71,60,19.84,broken clouds,2021-01-28 20:13:13
343,Bandarbeyla,SO,9.4942,50.8122,73.74,74,0,16.46,clear sky,2021-01-28 20:14:43
344,Billings,US,45.7833,-108.5007,44.6,33,75,3.44,broken clouds,2021-01-28 20:10:29
345,Ijuin,JP,31.6167,130.4,41.0,52,40,17.27,scattered clouds,2021-01-28 20:14:44
346,Morant Bay,JM,17.8815,-76.4093,84.99,65,20,8.05,few clouds,2021-01-28 20:14:44
347,Springbok,ZA,-29.6643,17.8865,67.95,35,0,4.59,clear sky,2021-01-28 20:12:40
348,Platanos,GR,37.6667,21.6167,39.2,75,20,3.44,few clouds,2021-01-28 20:14:44
349,Nikolskoye,RU,59.7035,30.7861,33.8,86,75,8.95,light snow,2021-01-28 20:07:56
350,Kabanjahe,ID,3.1001,98.4908,77.0,100,40,4.61,mist,2021-01-28 20:14:44
351,Coffs Harbour,AU,-30.3,153.1333,69.8,94,75,3.44,broken clouds,2021-01-28 20:14:44
352,Pendleton,US,45.6721,-118.7886,48.2,61,90,12.66,light rain,2021-01-28 20:14:45
353,Solnechnyy,RU,50.7214,136.6319,-15.47,85,58,1.77,broken clouds,2021-01-28 20:14:45
354,Beecher,US,43.09,-83.6944,21.2,58,90,14.97,overcast clouds,2021-01-28 20:14:45
355,Sarai Naurang,PK,32.8259,70.7814,46.85,46,0,0.98,clear sky,2021-01-28 20:14:45
356,Chernenko,RU,44.365,39.3103,37.53,79,100,7.67,overcast clouds,2021-01-28 20:14:45
357,San Cristobal,VE,7.7669,-72.225,86.0,54,20,11.5,few clouds,2021-01-28 20:11:24
358,Benguela,AO,-12.5763,13.4055,76.26,77,15,4.83,few clouds,2021-01-28 20:14:46
359,Nisia Floresta,BR,-6.0911,-35.2086,84.2,65,75,18.41,broken clouds,2021-01-28 20:12:36
360,Vao,NC,-22.6667,167.4833,77.07,84,53,20.6,broken clouds,2021-01-28 20:12:39
361,Svetlogorsk,BY,52.6333,29.7333,27.84,98,100,8.41,light snow,2021-01-28 20:13:14
362,Port-Gentil,GA,-0.7193,8.7815,80.6,89,40,4.61,scattered clouds,2021-01-28 20:14:46
363,Balila,JO,32.3881,35.9351,42.8,87,40,4.12,scattered clouds,2021-01-28 20:14:46
364,Deputatskiy,RU,69.3,139.9,-38.94,80,84,3.85,broken clouds,2021-01-28 20:13:15
365,Port Hardy,CA,50.6996,-127.4199,42.8,81,20,4.61,few clouds,2021-01-28 20:13:15
366,Barabinsk,RU,55.3571,78.357,23.27,96,100,17.56,overcast clouds,2021-01-28 20:14:47
367,Quatre Cocos,MU,-20.2078,57.7625,78.01,94,75,5.75,broken clouds,2021-01-28 20:12:24
368,Banjar,ID,-8.19,114.9675,80.6,83,40,6.91,scattered clouds,2021-01-28 20:14:47
369,Louisville,US,38.2542,-85.7594,32.0,59,75,8.05,broken clouds,2021-01-28 20:14:39
370,Saint-Felicien,CA,48.6501,-72.4491,6.8,78,90,17.27,light snow,2021-01-28 20:14:47
371,Pisco,PE,-13.7,-76.2167,78.8,57,0,8.05,clear sky,2021-01-28 20:14:47
372,Port Alberni,CA,49.2413,-124.8028,41.0,89,100,2.77,overcast clouds,2021-01-28 20:10:00
373,Mangrol,IN,21.1167,70.1167,63.12,32,0,14.67,clear sky,2021-01-28 20:13:20
374,Breytovo,RU,58.2993,37.8617,33.98,98,100,11.16,light rain,2021-01-28 20:14:48
375,Porto Novo,BJ,6.4965,2.6036,84.2,79,20,11.5,few clouds,2021-01-28 20:14:48
376,Meiktila,MM,20.8667,95.8667,66.56,57,0,2.1,clear sky,2021-01-28 20:14:48
377,Riyadh,SA,24.6877,46.7219,66.2,24,0,9.22,clear sky,2021-01-28 20:14:48
378,Miraflores,MX,19.2167,-98.8083,71.6,32,75,2.73,broken clouds,2021-01-28 20:14:48
379,Dunedin,NZ,-45.8742,170.5036,51.01,68,88,8.01,overcast clouds,2021-01-28 20:13:12
380,Turukhansk,RU,65.8167,87.9833,-35.23,77,16,10.51,few clouds,2021-01-28 20:14:49
381,Poitiers,FR,46.5833,0.3333,54.0,94,90,19.57,moderate rain,2021-01-28 20:11:03
382,Matagami,CA,49.7502,-77.6328,-2.2,78,90,10.36,light snow,2021-01-28 20:14:49
383,Huruta,ET,8.15,39.35,60.19,33,29,8.57,scattered clouds,2021-01-28 20:14:49
384,Halmstad,SE,56.6745,12.8568,25.0,86,2,8.05,clear sky,2021-01-28 20:14:49
385,Rock Sound,BS,24.9,-76.2,72.48,79,86,31.9,overcast clouds,2021-01-28 20:14:49
386,Key West,US,24.5557,-81.7826,73.4,60,1,17.27,clear sky,2021-01-28 20:12:04
387,Lehututu,BW,-23.9667,21.8667,82.33,26,58,4.18,broken clouds,2021-01-28 20:14:49
388,Abha,SA,18.2164,42.5053,60.8,41,0,6.91,clear sky,2021-01-28 20:14:50
389,Isangel,VU,-19.55,169.2667,78.8,89,75,14.83,broken clouds,2021-01-28 20:12:47
390,Lata,PT,40.1629,-8.3327,57.99,100,67,3.0,broken clouds,2021-01-28 20:14:50
391,Camacha,PT,33.0833,-16.3333,60.8,94,75,3.44,mist,2021-01-28 20:14:50
392,Verkhoyansk,RU,67.5447,133.385,-49.59,74,51,1.45,broken clouds,2021-01-28 20:14:50
393,Paita,PE,-5.0892,-81.1144,84.2,61,20,10.36,few clouds,2021-01-28 20:14:50
394,Altay,CN,47.8667,88.1167,1.74,77,0,1.59,clear sky,2021-01-28 20:14:50
395,Westport,US,41.1415,-73.3579,32.0,40,1,24.16,clear sky,2021-01-28 20:14:50
396,Trinidad,BO,-14.8333,-64.9,82.22,78,76,5.79,light rain,2021-01-28 20:12:40
397,Sao Filipe,CV,14.8961,-24.4956,75.58,66,0,4.32,clear sky,2021-01-28 20:14:51
398,Simbahan,PH,6.3032,120.5836,81.72,80,4,16.75,clear sky,2021-01-28 20:14:51
399,Acarau,BR,-2.8856,-40.12,83.7,67,100,17.83,light rain,2021-01-28 20:14:51
400,Portland,US,45.5234,-122.6762,46.99,81,90,6.91,overcast clouds,2021-01-28 20:13:04
401,Coihaique,CL,-45.5752,-72.0662,57.2,54,40,8.05,scattered clouds,2021-01-28 20:14:51
402,Milicz,PL,51.5277,17.2714,33.01,98,100,5.26,overcast clouds,2021-01-28 20:14:52
403,Henties Bay,NA,-22.116,14.2845,66.31,79,0,4.99,clear sky,2021-01-28 20:14:52
404,Saint Simons,US,31.1352,-81.3901,60.01,41,1,12.66,clear sky,2021-01-28 20:14:52
405,Korla,CN,41.7597,86.1469,20.73,84,0,0.51,clear sky,2021-01-28 20:14:52
406,Esperance,AU,-33.8667,121.9,57.2,88,0,4.61,clear sky,2021-01-28 20:14:52
407,Yulara,AU,-25.2406,130.9889,84.2,45,40,4.61,scattered clouds,2021-01-28 20:12:35
408,Fortuna,US,40.5982,-124.1573,46.99,93,75,10.36,broken clouds,2021-01-28 20:12:59
409,Barreirinhas,BR,-2.7469,-42.8264,82.2,75,86,7.52,heavy intensity rain,2021-01-28 20:14:53
410,Wenceslau Braz,BR,-23.8739,-49.8028,75.0,99,100,1.99,moderate rain,2021-01-28 20:14:53
411,Kuching,MY,1.55,110.3333,75.2,94,40,4.61,light rain,2021-01-28 20:14:53
412,Valer,NO,60.6785,11.8331,3.2,92,75,2.3,broken clouds,2021-01-28 20:14:53
413,Herat,AF,34.5,62.0,40.86,54,0,3.98,clear sky,2021-01-28 20:13:45
414,Springdale,US,36.1867,-94.1288,44.01,52,1,4.61,clear sky,2021-01-28 20:14:53
415,Norman Wells,CA,65.282,-126.8329,-25.6,75,20,3.44,few clouds,2021-01-28 20:12:59
416,Thunder Bay,CA,48.4001,-89.3168,14.0,52,20,8.05,few clouds,2021-01-28 20:13:07
417,Pathalgaon,IN,22.5667,83.4667,59.81,55,0,6.02,clear sky,2021-01-28 20:14:54
418,Maningrida,AU,-12.0667,134.2667,76.33,90,99,4.65,overcast clouds,2021-01-28 20:14:54
419,Omboue,GA,-1.5746,9.2618,77.47,88,100,5.39,overcast clouds,2021-01-28 20:14:54
420,Caraubas,BR,-5.7925,-37.5567,89.6,58,20,20.71,few clouds,2021-01-28 20:14:54
421,Mayor Pablo Lagerenza,PY,-19.9309,-60.7718,89.22,48,100,14.16,overcast clouds,2021-01-28 20:14:54
422,Luanda,AO,-8.8368,13.2343,80.6,83,40,5.75,scattered clouds,2021-01-28 20:11:51
423,Pijijiapan,MX,15.7011,-93.23,97.0,24,100,8.19,overcast clouds,2021-01-28 20:14:54
424,Qingdao,CN,36.0986,120.3719,26.01,67,0,2.24,clear sky,2021-01-28 20:14:55
425,Port Hueneme,US,34.1478,-119.1951,62.6,62,90,10.36,overcast clouds,2021-01-28 20:13:10
426,Lilongwe,MW,-13.9669,33.7873,71.53,74,100,3.4,light rain,2021-01-28 20:14:55
427,Bukachacha,RU,52.9833,116.9167,-21.87,84,100,1.74,overcast clouds,2021-01-28 20:14:55
428,Kasongo-Lunda,CD,-6.4667,16.8167,70.81,85,32,1.72,scattered clouds,2021-01-28 20:14:55
429,San Quintin,MX,30.4833,-115.95,62.2,50,100,5.39,overcast clouds,2021-01-28 20:13:07
430,High Level,CA,58.5169,-117.136,-9.4,77,20,5.75,few clouds,2021-01-28 20:14:55
431,Dongsheng,CN,39.8161,109.9776,18.18,78,0,15.86,clear sky,2021-01-28 20:14:55
432,Porto Walter,BR,-8.2686,-72.7439,86.65,72,1,3.91,clear sky,2021-01-28 20:14:56
433,Khani,GE,41.9563,42.9566,44.6,93,90,5.75,overcast clouds,2021-01-28 20:13:11
434,Salinopolis,BR,-0.6136,-47.3561,82.18,73,67,11.83,moderate rain,2021-01-28 20:12:17
435,Nome,US,64.5011,-165.4064,14.0,62,90,4.61,overcast clouds,2021-01-28 20:13:19
436,Iranshahr,IR,27.2025,60.6848,51.8,8,0,6.91,clear sky,2021-01-28 20:14:56
437,Ulladulla,AU,-35.35,150.4667,64.4,100,90,2.3,light rain,2021-01-28 20:13:08
438,Cermik,TR,38.1361,39.4493,39.2,93,75,5.75,broken clouds,2021-01-28 20:14:56
439,Churapcha,RU,62.0025,132.4325,-47.38,76,98,2.26,overcast clouds,2021-01-28 20:14:57
440,Husavik,IS,66.0449,-17.3389,-5.8,84,0,4.61,clear sky,2021-01-28 20:14:57
441,Nazca,PE,-14.8333,-74.95,89.58,30,1,11.3,clear sky,2021-01-28 20:14:57
442,Gushikawa,JP,26.3544,127.8686,55.4,58,75,18.41,broken clouds,2021-01-28 20:14:08
443,Krasnoarmeysk,RU,51.0239,45.6969,19.99,85,100,5.17,overcast clouds,2021-01-28 20:14:57
444,Holguin,CU,20.8872,-76.2631,87.8,35,40,9.22,scattered clouds,2021-01-28 20:10:24
445,Ketchikan,US,55.3422,-131.6461,28.4,74,1,2.98,clear sky,2021-01-28 20:14:57
446,Koshurnikovo,RU,54.1667,93.3,15.19,98,100,3.94,snow,2021-01-28 20:14:57
447,Hauterive,FR,46.0901,3.4459,57.2,67,75,10.36,broken clouds,2021-01-28 20:14:58
448,Sveio,NO,59.5419,5.3518,32.0,69,40,11.5,scattered clouds,2021-01-28 20:14:58
449,Gaoua,BF,10.2992,-3.2508,80.11,14,0,3.24,clear sky,2021-01-28 20:14:58
450,Inhambane,MZ,-23.865,35.3833,82.4,83,20,2.3,light rain,2021-01-28 20:14:58
451,Labuhan,ID,-6.8844,112.2051,77.34,87,100,15.82,overcast clouds,2021-01-28 20:14:58
452,Ponta Delgada,PT,37.7333,-25.6667,64.0,94,75,19.57,broken clouds,2021-01-28 20:14:58
453,Penco,CL,-36.7333,-72.9833,64.4,77,90,13.8,overcast clouds,2021-01-28 20:14:59
454,Dingzhou,CN,38.5131,114.9956,15.8,41,0,2.24,clear sky,2021-01-28 20:14:59
455,Honningsvag,NO,70.9821,25.9704,24.8,68,40,16.11,scattered clouds,2021-01-28 20:14:59
456,Oktyabrskoye,RU,43.0645,44.7417,41.0,81,100,6.71,overcast clouds,2021-01-28 20:14:59
457,Biak,ID,-0.9131,122.8766,77.09,76,92,6.2,overcast clouds,2021-01-28 20:14:59
458,Dreux,FR,48.6667,1.25,53.6,87,90,9.22,moderate rain,2021-01-28 20:14:59
459,Bastia,FR,42.6667,9.3333,61.0,87,0,3.44,clear sky,2021-01-28 20:15:00
460,Vostok,RU,46.4856,135.8833,-6.11,92,100,4.29,light snow,2021-01-28 20:13:11
461,Flinders,AU,-34.5833,150.8552,66.99,92,100,1.01,light rain,2021-01-28 20:12:21
462,Yerbogachen,RU,61.2767,108.0108,-42.65,80,25,5.57,scattered clouds,2021-01-28 20:12:09
463,Kudahuvadhoo,MV,2.6708,72.8944,80.71,78,33,13.24,scattered clouds,2021-01-28 20:15:00
464,Trincomalee,LK,8.5711,81.2335,78.62,81,89,13.13,light rain,2021-01-28 20:15:00
465,Belaya Gora,RU,68.5333,146.4167,-21.5,87,100,3.51,overcast clouds,2021-01-28 20:12:11
466,Patos,BR,-7.0244,-37.28,85.26,49,100,9.15,overcast clouds,2021-01-28 20:15:00
467,Djambala,CG,-2.5447,14.7533,69.69,82,40,2.39,scattered clouds,2021-01-28 20:15:01
468,Nemuro,JP,43.3236,145.575,27.77,93,100,21.47,overcast clouds,2021-01-28 20:15:01
469,Itarema,BR,-2.9248,-39.9167,83.3,68,100,17.18,overcast clouds,2021-01-28 20:15:01
470,Luau,AO,-10.7073,22.2247,64.9,97,96,1.72,moderate rain,2021-01-28 20:15:01
471,Ust-Maya,RU,60.4167,134.5333,-43.4,78,100,1.97,overcast clouds,2021-01-28 20:15:02
472,Jalu,LY,29.0331,21.5482,55.71,51,4,12.46,clear sky,2021-01-28 20:13:04
473,Bermejo,AR,-32.8833,-68.8,84.2,21,0,6.91,clear sky,2021-01-28 20:15:03
474,Novogagatli,RU,43.4568,46.4818,44.6,81,75,8.95,broken clouds,2021-01-28 20:15:03
475,Guiren,CN,33.6697,118.1889,31.62,82,0,6.53,clear sky,2021-01-28 20:15:03
476,Huckeswagen,DE,51.15,7.35,43.0,95,99,1.66,overcast clouds,2021-01-28 20:15:03
477,Chardara,KZ,41.2547,67.9692,37.51,74,0,4.07,clear sky,2021-01-28 20:15:03
478,Abnub,EG,27.2696,31.1511,50.0,66,0,6.91,clear sky,2021-01-28 20:15:04
479,Lenger,KZ,42.183,69.8839,28.4,86,0,6.71,mist,2021-01-28 20:15:04
480,Christchurch,NZ,-43.5333,172.6333,54.0,62,2,10.36,clear sky,2021-01-28 20:12:11
481,Jagtial,IN,18.8,78.9333,69.26,61,1,8.46,clear sky,2021-01-28 20:15:04
482,Tete,MZ,-16.1564,33.5867,80.22,73,100,3.24,overcast clouds,2021-01-28 20:15:04
483,Muncar,ID,-8.4333,114.3333,75.47,87,100,3.38,overcast clouds,2021-01-28 20:15:05
484,La Primavera,CO,5.4906,-70.4092,93.78,34,65,13.13,broken clouds,2021-01-28 20:15:05
485,Pahrump,US,36.2083,-115.9839,59.0,31,99,11.99,overcast clouds,2021-01-28 20:13:03
486,Dzaoudzi,YT,-12.7887,45.2699,80.6,83,0,2.3,clear sky,2021-01-28 20:13:13
487,Sulangan,PH,11.1373,123.7228,79.66,73,97,22.1,overcast clouds,2021-01-28 20:15:05
488,Fort Nelson,CA,58.8053,-122.7002,-13.0,77,20,2.3,few clouds,2021-01-28 20:13:11
489,Banda Aceh,ID,5.5577,95.3222,78.08,79,100,8.23,overcast clouds,2021-01-28 20:15:05
490,Anuradhapura,LK,8.3565,80.4173,70.07,94,56,4.0,broken clouds,2021-01-28 20:13:13
491,Horta,PT,38.5333,-28.6333,64.4,88,75,28.77,broken clouds,2021-01-28 20:15:06
492,Port Lincoln,AU,-34.7333,135.8667,61.2,91,14,4.97,few clouds,2021-01-28 20:12:56
493,Aswan,EG,24.0934,32.907,58.08,39,7,8.61,clear sky,2021-01-28 20:15:06
494,Kintampo,GH,8.0563,-1.7306,82.67,17,2,2.62,clear sky,2021-01-28 20:15:06
495,Savinka,RU,50.0785,47.0994,27.25,96,100,8.32,overcast clouds,2021-01-28 20:15:07
496,Vestmannaeyjar,IS,63.4427,-20.2734,32.18,88,0,11.25,clear sky,2021-01-28 20:15:07
497,Port Maria,JM,18.3685,-76.8895,84.99,78,4,4.0,clear sky,2021-01-28 20:15:07
498,Padang,ID,-0.9492,100.3543,75.2,94,75,2.3,broken clouds,2021-01-28 20:15:07
499,Sobolevo,RU,54.4299,31.8996,24.22,98,87,4.34,light snow,2021-01-28 20:15:07
500,Lasa,IT,46.6166,10.7002,32.0,55,90,4.61,light rain,2021-01-28 20:15:08
501,Roald,NO,62.5833,6.1333,33.8,64,75,20.71,broken clouds,2021-01-28 20:15:08
502,Chicama,PE,-7.8447,-79.1469,73.4,73,0,8.05,clear sky,2021-01-28 20:13:20
503,Villa Del Rosario,CO,7.8339,-72.4742,86.0,54,20,11.5,few clouds,2021-01-28 20:15:08
504,Charters Towers,AU,-20.1,146.2667,70.21,90,98,7.02,overcast clouds,2021-01-28 20:15:09
505,Letlhakane,BW,-21.4167,25.5833,77.29,66,84,6.49,moderate rain,2021-01-28 20:15:09
506,Katsuura,JP,35.1333,140.3,50.0,62,20,17.27,few clouds,2021-01-28 20:13:04
507,Vutcani,RO,46.4667,27.9667,28.85,91,98,5.86,overcast clouds,2021-01-28 20:15:09
508,Quang Ngai,VN,15.1167,108.8,65.43,87,92,4.97,overcast clouds,2021-01-28 20:12:41
509,Prince Rupert,CA,54.3161,-130.3201,33.8,55,1,3.44,clear sky,2021-01-28 20:15:09
510,Mitsamiouli,KM,-11.3847,43.2844,82.58,68,8,6.13,clear sky,2021-01-28 20:15:10
511,Kaitangata,NZ,-46.2817,169.8464,48.99,84,94,8.01,overcast clouds,2021-01-28 20:15:10
512,La Ronge,CA,55.1001,-105.2842,3.2,85,100,6.91,overcast clouds,2021-01-28 20:15:10
513,Yar-Sale,RU,66.8333,70.8333,-27.65,85,100,9.4,overcast clouds,2021-01-28 20:12:37
514,Hun,LY,29.1268,15.9477,56.82,46,0,9.57,clear sky,2021-01-28 20:15:10
515,Sovetskiy,RU,61.3614,63.5842,4.51,95,42,3.98,scattered clouds,2021-01-28 20:15:10
516,Pangody,RU,65.85,74.4859,-29.65,83,100,11.59,overcast clouds,2021-01-28 20:15:11
517,Nabire,ID,-3.3667,135.4833,74.71,92,100,2.01,light rain,2021-01-28 20:15:11
518,Namibe,AO,-15.1961,12.1522,74.59,75,99,10.67,overcast clouds,2021-01-28 20:15:11
519,Lagoa,PT,39.05,-27.9833,62.96,85,100,36.64,overcast clouds,2021-01-28 20:15:11
520,Bagdarin,RU,54.4333,113.6,-24.63,80,100,2.55,overcast clouds,2021-01-28 20:15:11
521,Mount Gambier,AU,-37.8333,140.7667,64.4,100,90,1.14,light rain,2021-01-28 20:12:51
522,Goderich,CA,43.7501,-81.7165,21.2,68,100,20.71,light snow,2021-01-28 20:15:12
523,Jian,CN,27.1172,114.9793,43.74,83,0,3.29,clear sky,2021-01-28 20:15:12
524,Sassandra,CI,4.95,-6.0833,78.31,86,0,6.2,clear sky,2021-01-28 20:15:12
525,Hambantota,LK,6.1241,81.1185,76.12,84,90,3.2,overcast clouds,2021-01-28 20:15:12
526,Quelimane,MZ,-17.8786,36.8883,84.2,84,20,8.05,few clouds,2021-01-28 20:15:12
527,Rustenburg,ZA,-25.6676,27.2421,69.12,84,99,10.92,light rain,2021-01-28 20:15:12
528,Nata,PA,8.3333,-80.5167,89.6,45,40,16.11,scattered clouds,2021-01-28 20:15:13
529,Marsh Harbour,BS,26.5412,-77.0636,67.55,65,49,31.74,scattered clouds,2021-01-28 20:13:17
530,Ucluelet,CA,48.9329,-125.5528,46.0,76,40,3.44,scattered clouds,2021-01-28 20:12:54
531,Quebo,GW,11.3333,-14.9333,73.78,72,41,6.06,scattered clouds,2021-01-28 20:15:13
532,Ca Mau,VN,9.1769,105.15,75.79,72,78,8.48,broken clouds,2021-01-28 20:15:13
533,Novaya Lyada,RU,52.7131,41.6387,27.5,98,100,9.62,light snow,2021-01-28 20:15:13
534,Bubaque,GW,11.2833,-15.8333,79.07,69,71,16.51,broken clouds,2021-01-28 20:15:13
535,Shirone,JP,37.7667,139.0167,33.01,91,100,1.01,light snow,2021-01-28 20:15:14
536,Phalaborwa,ZA,-23.943,31.1411,71.6,88,97,11.5,overcast clouds,2021-01-28 20:15:14
537,Muswellbrook,AU,-32.2667,150.9,68.0,86,100,5.99,overcast clouds,2021-01-28 20:12:28
538,Whyalla,AU,-33.0333,137.5833,68.0,83,90,8.05,overcast clouds,2021-01-28 20:15:14
539,Masterton,NZ,-40.9597,175.6575,57.99,67,98,7.0,overcast clouds,2021-01-28 20:15:14
540,Aguimes,ES,27.9054,-15.4461,68.0,88,0,3.44,clear sky,2021-01-28 20:15:14
541,Sokoni,TZ,-6.4333,39.55,82.4,78,40,11.5,scattered clouds,2021-01-28 20:15:14
542,Saint-Pierre,RE,-21.3393,55.4781,78.8,69,0,6.91,light rain,2021-01-28 20:15:15
543,Sayyan,YE,15.1718,44.3244,47.21,44,0,3.56,clear sky,2021-01-28 20:15:15
544,Mokhsogollokh,RU,61.4681,128.9203,-40.85,80,100,0.92,overcast clouds,2021-01-28 20:15:15
545,Djenne,ML,13.9061,-4.5533,76.42,14,0,6.55,clear sky,2021-01-28 20:15:15
546,Ukiah,US,39.1502,-123.2078,50.0,81,75,6.67,broken clouds,2021-01-28 20:15:15
547,Ust-Omchug,RU,61.15,149.6333,-23.71,81,100,6.42,overcast clouds,2021-01-28 20:15:15
548,Ola,RU,59.5833,151.2833,-17.09,81,19,10.22,few clouds,2021-01-28 20:15:16
549,Campbellton,CA,48.0075,-66.6727,26.6,63,100,10.36,overcast clouds,2021-01-28 20:15:16
550,Wolnzach,DE,48.6038,11.6257,46.4,87,100,21.85,overcast clouds,2021-01-28 20:15:16
551,Pasinler,TR,39.9803,41.6764,33.8,64,75,10.36,snow,2021-01-28 20:15:16
552,Buriti Bravo,BR,-5.8372,-43.8336,78.48,92,100,2.64,moderate rain,2021-01-28 20:12:40
553,Dezhou,CN,37.4486,116.2925,25.47,66,0,9.75,clear sky,2021-01-28 20:12:36
554,Srednekolymsk,RU,67.45,153.6833,-17.32,88,100,7.25,overcast clouds,2021-01-28 20:12:11
555,Dawan,CN,24.34,112.948,48.34,67,0,3.96,clear sky,2021-01-28 20:15:17
556,Tari,NG,12.4086,4.4914,79.02,16,0,11.52,clear sky,2021-01-28 20:15:17
557,Santa Fe Do Sul,BR,-20.2111,-50.9258,86.9,55,97,4.56,overcast clouds,2021-01-28 20:15:17
558,Bandar-E Lengeh,IR,26.5579,54.8807,64.51,43,0,2.82,clear sky,2021-01-28 20:15:17
559,Liuhe,CN,42.2401,125.7172,-10.44,88,0,5.57,clear sky,2021-01-28 20:15:17
560,Avera,US,33.194,-82.5271,53.6,37,1,10.36,clear sky,2021-01-28 20:15:18
561,Gigmoto,PH,13.7796,124.39,75.2,84,100,16.15,overcast clouds,2021-01-28 20:15:18
562,Tessalit,ML,20.1986,1.0114,71.26,20,0,11.56,clear sky,2021-01-28 20:15:18
563,Biloela,AU,-24.4167,150.5,68.56,84,0,10.07,clear sky,2021-01-28 20:15:18
564,Poum,NC,-20.2333,164.0167,79.95,79,30,8.75,scattered clouds,2021-01-28 20:15:18
565,Waddan,LY,29.1614,16.139,56.57,47,0,9.55,clear sky,2021-01-28 20:15:18
566,Kerman,IR,30.2832,57.0788,37.4,18,0,6.91,clear sky,2021-01-28 20:15:19
567,Palembang,ID,-2.9167,104.7458,73.89,96,100,3.2,overcast clouds,2021-01-28 20:15:19
568,Turbat,PK,26.0023,63.044,59.2,23,0,7.65,clear sky,2021-01-28 20:15:19
569,Almaznyy,RU,48.0448,40.045,39.2,81,0,13.42,light rain,2021-01-28 20:15:19
570,Naron,ES,43.5167,-8.1528,61.0,82,75,9.22,broken clouds,2021-01-28 20:15:19
571,Ranong,TH,9.9658,98.6348,75.13,88,63,3.91,broken clouds,2021-01-28 20:15:19
572,Mangai,CD,-4.05,19.5333,73.33,83,28,0.58,scattered clouds,2021-01-28 20:15:20
573,Manzhouli,CN,49.6,117.4333,-19.32,83,78,2.89,broken clouds,2021-01-28 20:15:20
574,Pascagoula,US,30.3658,-88.5561,55.99,44,1,9.82,clear sky,2021-01-28 20:15:20
575,Haapiti,PF,-17.5667,-149.8667,86.0,58,75,5.75,broken clouds,2021-01-28 20:15:20
576,Bowen,AU,-20.0167,148.2333,73.4,94,40,6.91,scattered clouds,2021-01-28 20:15:20
577,Embu,BR,-23.6489,-46.8522,87.01,39,40,12.66,scattered clouds,2021-01-28 20:15:20
578,Mandalgovi,MN,45.7625,106.2708,11.91,86,18,17.63,few clouds,2021-01-28 20:15:21
579,Harper,LR,4.375,-7.7169,78.66,84,9,5.48,clear sky,2021-01-28 20:09:11
580,Bonthe,SL,7.5264,-12.505,79.45,76,0,8.7,clear sky,2021-01-28 20:15:21
581,Venice,US,27.0998,-82.4543,69.8,26,1,11.5,clear sky,2021-01-28 20:15:21
582,Jurbarkas,LT,55.0778,22.7664,28.15,98,100,9.4,light snow,2021-01-28 20:15:21
583,Yicheng,CN,31.3705,119.8703,27.0,91,0,7.0,clear sky,2021-01-28 20:15:22
584,Shu,KZ,43.5983,73.7614,21.99,59,0,5.99,clear sky,2021-01-28 20:15:22
585,Igrim,RU,63.1906,64.4162,-13.86,89,100,3.76,overcast clouds,2021-01-28 20:15:22
586,Kamenka,RU,51.3223,42.7678,26.92,98,100,8.75,overcast clouds,2021-01-28 20:15:22
587,Anderson,US,34.5334,-82.6499,53.01,32,1,9.22,clear sky,2021-01-28 20:15:22
588,Borisoglebskiy,RU,57.2586,39.1508,33.8,86,90,8.95,snow,2021-01-28 20:15:22
589,Malanje,AO,-9.5402,16.341,65.39,96,100,6.04,light rain,2021-01-28 20:15:23
590,Quanzhou,CN,24.9139,118.5858,55.4,67,0,8.95,clear sky,2021-01-28 20:15:23
591,Belmonte,BR,-15.8631,-38.8828,84.2,74,20,3.44,few clouds,2021-01-28 20:15:23
592,Tilichiki,RU,60.4667,166.1,-2.63,93,100,9.13,overcast clouds,2021-01-28 20:15:23
593,Boyolangu,ID,-8.1181,111.8935,74.82,89,100,8.48,heavy intensity rain,2021-01-28 20:12:00
594,Kahului,US,20.8947,-156.47,78.8,57,20,18.41,few clouds,2021-01-28 20:14:06
595,Saint-Augustin,CA,51.226,-58.6502,21.24,93,95,7.81,overcast clouds,2021-01-28 20:15:23
596,Bilma,NE,18.6853,12.9164,66.4,23,0,10.29,clear sky,2021-01-28 20:13:11
597,Rumonge,BI,-3.9736,29.4386,72.23,73,43,3.51,scattered clouds,2021-01-28 20:15:24
598,Mozhga,RU,56.4447,52.2276,17.47,96,100,8.34,light snow,2021-01-28 20:15:24
599,Lozovik,RS,44.4677,21.1007,37.99,69,82,3.0,broken clouds,2021-01-28 20:15:24
600,Eyl,SO,7.9803,49.8164,72.36,79,1,15.93,clear sky,2021-01-28 20:15:24
601,Hohhot,CN,40.8106,111.6522,1.4,60,0,6.71,clear sky,2021-01-28 20:15:24
602,Labis,MY,2.385,103.021,71.38,92,99,4.41,overcast clouds,2021-01-28 20:15:25
603,Cockburn Town,TC,21.4612,-71.1419,80.6,61,40,9.22,scattered clouds,2021-01-28 20:15:25
604,Smolenka,RU,52.1352,113.4974,-32.8,68,40,1.66,mist,2021-01-28 20:12:23
605,Valparaiso,CL,-33.0393,-71.6273,84.2,41,0,20.71,clear sky,2021-01-28 20:15:25
606,Ostersund,SE,63.1792,14.6357,5.0,85,90,2.13,light snow,2021-01-28 20:15:25
607,Great Yarmouth,GB,52.6083,1.7305,46.4,100,100,5.75,overcast clouds,2021-01-28 20:15:25
608,Nevel,RU,56.0209,29.9284,28.35,99,98,2.73,snow,2021-01-28 20:15:26
609,Shawnee,US,39.05,-95.7669,30.99,69,90,13.8,overcast clouds,2021-01-28 20:15:26
610,Burnie,AU,-41.0667,145.9167,57.0,64,100,17.0,light rain,2021-01-28 20:15:26
611,Zemio,CF,5.0314,25.1361,82.06,36,100,2.84,overcast clouds,2021-01-28 20:12:47
612,Kyabram,AU,-36.3167,145.05,66.0,83,100,1.01,overcast clouds,2021-01-28 20:15:26
613,Litovko,RU,49.2361,135.1742,-12.17,89,100,2.1,overcast clouds,2021-01-28 20:12:10
614,Pokaran,IN,26.9167,71.9167,54.93,32,0,7.23,clear sky,2021-01-28 20:15:26
615,Ayagoz,KZ,47.9714,80.4392,10.38,93,0,2.71,clear sky,2021-01-28 20:15:27
616,Koronowo,PL,53.3137,17.937,30.0,80,40,11.5,scattered clouds,2021-01-28 20:15:27
617,Trebukhiv,UA,50.4843,30.903,30.99,93,75,8.95,light snow,2021-01-28 20:15:27
618,Abu Samrah,SY,35.3029,37.1841,45.07,85,58,5.88,broken clouds,2021-01-28 20:15:27
619,Progreso,MX,21.2833,-89.6667,77.0,83,90,8.05,overcast clouds,2021-01-28 20:13:19
620,Lethem,GY,3.3803,-59.7968,89.37,41,92,14.36,overcast clouds,2021-01-28 20:15:27
621,Pordim,BG,43.3833,24.85,28.4,74,20,9.22,few clouds,2021-01-28 20:15:27
622,Vershino-Darasunskiy,RU,52.35,115.5167,-25.44,89,100,1.52,overcast clouds,2021-01-28 20:13:09
623,Susanville,US,40.4163,-120.653,37.0,100,90,4.94,snow,2021-01-28 20:14:43
624,Port Hedland,AU,-20.3167,118.5667,78.8,89,0,6.91,clear sky,2021-01-28 20:08:13
625,Tutoia,BR,-2.7619,-42.2744,84.2,74,40,19.57,scattered clouds,2021-01-28 20:15:28
626,Imeni Vorovskogo,RU,55.7233,38.3414,33.8,93,90,13.42,light snow,2021-01-28 20:15:28
627,Pathein,MM,16.7833,94.7333,72.95,81,0,7.81,clear sky,2021-01-28 20:15:28
628,Salalah,OM,17.0151,54.0924,71.6,60,40,1.14,scattered clouds,2021-01-28 20:13:17
629,Toumodi,CI,6.5613,-5.0158,84.0,73,9,7.56,clear sky,2021-01-28 20:15:29
630,Meru,KE,0.0463,37.6559,60.76,82,11,3.29,few clouds,2021-01-28 20:15:29
631,Duldurga,RU,50.6761,113.5931,-9.62,88,98,3.42,overcast clouds,2021-01-28 20:15:29
632,Lisakovsk,KZ,52.5369,62.4936,11.91,94,82,9.84,broken clouds,2021-01-28 20:15:29
633,Wilmington,US,34.2257,-77.9447,45.0,49,20,24.16,few clouds,2021-01-28 20:14:22
634,San Antonio,US,29.4241,-98.4936,55.99,38,1,6.91,clear sky,2021-01-28 20:10:37
635,Fort Saint James,CA,54.4333,-124.25,2.62,88,27,0.85,scattered clouds,2021-01-28 20:15:30
636,Harboore,DK,56.6175,8.1807,27.0,87,100,5.46,overcast clouds,2021-01-28 20:15:30
637,Chapais,CA,49.7834,-74.8492,-2.2,78,90,10.36,light snow,2021-01-28 20:13:39
638,Halifax,CA,44.6453,-63.5724,34.0,64,75,4.61,broken clouds,2021-01-28 20:15:30
639,Nuevo Laredo,MX,27.4763,-99.5164,64.4,31,75,5.75,broken clouds,2021-01-28 20:15:30
640,Zarautz,ES,43.2844,-2.1699,55.99,100,0,2.3,clear sky,2021-01-28 20:15:31
641,Leshan,CN,29.5623,103.7639,47.43,77,61,2.24,broken clouds,2021-01-28 20:15:31
642,Pochutla,MX,15.7432,-96.4661,88.0,48,75,17.27,broken clouds,2021-01-28 20:15:31
643,Sao Felix Do Xingu,BR,-6.6447,-51.995,72.63,96,100,0.72,overcast clouds,2021-01-28 20:12:23
644,Maumere,ID,-8.6199,122.2111,80.44,81,100,14.65,moderate rain,2021-01-28 20:13:15
645,Bradford,GB,53.7939,-1.7521,44.01,93,75,5.75,fog,2021-01-28 20:15:31
646,Pandan,PH,14.0453,124.1694,75.61,84,100,18.77,overcast clouds,2021-01-28 20:15:31
647,Nebyliv,UA,48.8153,24.2166,24.64,90,100,9.64,overcast clouds,2021-01-28 20:15:32
648,Mananjary,MG,-21.2167,48.3333,78.33,85,1,2.93,clear sky,2021-01-28 20:15:32
649,Lydenburg,ZA,-25.0978,30.4597,60.76,93,100,3.74,light rain,2021-01-28 20:15:32
650,Bosaso,SO,11.2842,49.1816,74.03,71,0,3.71,clear sky,2021-01-28 20:15:32
651,Saint-Joseph,RE,-21.3667,55.6167,78.8,69,0,6.91,light rain,2021-01-28 20:11:24
652,George,ZA,-33.963,22.4617,59.0,88,0,3.44,clear sky,2021-01-28 20:15:32
653,Isla Aguada,MX,18.7833,-91.4667,80.6,78,40,9.22,scattered clouds,2021-01-28 20:15:33
654,Hinganghat,IN,20.5667,78.8333,71.6,83,75,4.61,mist,2021-01-28 20:15:33
655,Waingapu,ID,-9.6567,120.2641,78.08,83,100,8.88,overcast clouds,2021-01-28 20:12:49
656,Grand Island,US,40.925,-98.342,23.0,86,90,18.41,haze,2021-01-28 20:13:47
657,Atar,MR,20.5169,-13.0499,74.1,20,0,10.63,clear sky,2021-01-28 20:15:33
658,Comodoro Rivadavia,AR,-45.8667,-67.5,69.8,30,40,11.5,scattered clouds,2021-01-28 20:15:01
659,Tomatlan,MX,19.9333,-105.25,88.61,44,21,10.45,few clouds,2021-01-28 20:15:34
660,Muscat,OM,23.6139,58.5922,64.4,72,0,2.3,clear sky,2021-01-28 20:13:42
661,Berezovka,BY,53.7214,25.4993,18.97,97,100,5.03,overcast clouds,2021-01-28 20:15:34
662,Peniche,PT,39.3558,-9.3811,55.99,99,63,5.01,broken clouds,2021-01-28 20:12:30
663,Novodugino,RU,55.6305,34.2842,33.55,99,100,4.88,snow,2021-01-28 20:15:34
664,Havelock,US,34.8791,-76.9013,41.0,56,75,33.38,broken clouds,2021-01-28 20:11:42
665,Oriximina,BR,-1.7656,-55.8661,86.38,65,91,3.38,overcast clouds,2021-01-28 20:15:34
666,Kapuskasing,CA,49.4169,-82.4331,3.2,72,100,10.36,overcast clouds,2021-01-28 20:15:35
667,Nur,PL,52.6683,22.3221,30.99,83,94,1.99,overcast clouds,2021-01-28 20:15:35
668,Kupang,ID,-10.1667,123.5833,80.06,83,100,13.0,light rain,2021-01-28 20:13:16
669,Piacabucu,BR,-10.4056,-36.4344,80.87,71,71,11.92,broken clouds,2021-01-28 20:15:35
670,Veshenskaya,RU,49.6303,41.7334,33.98,93,100,8.75,snow,2021-01-28 20:15:35
671,Vanavara,RU,60.34,102.2797,-42.45,79,20,5.19,few clouds,2021-01-28 20:15:35
672,Moussoro,TD,13.6408,16.4901,73.89,15,29,14.36,scattered clouds,2021-01-28 20:15:35
673,Ngunguru,NZ,-35.6167,174.5,64.99,57,0,11.01,clear sky,2021-01-28 20:15:36
674,Sioux Lookout,CA,50.1001,-91.917,3.2,60,20,4.61,few clouds,2021-01-28 20:15:36
675,Dakar,SN,14.6937,-17.4441,73.4,49,0,6.91,clear sky,2021-01-28 20:10:48
676,Gosainganj,IN,26.5833,82.3833,48.78,58,0,4.81,clear sky,2021-01-28 20:15:36
